image,name,classification,mei
"data:image/png;base64,iVBORw0KGgoAAAANSUhEUgAAAE8AAACFCAYAAAAaR6VUAAAAAXNSR0IArs4c6QAAAARnQU1BAACxjwv8YQUAAAAJcEhZcwAAIdUAACHVAQSctJ0AAE8ySURBVHhetb13sF3Xdaf5/p3paU91eVq2u13dLnW5ymW13TOS3dNyS7Lbcmi1JVE5UEyiRFFikkiRkkiJOUeAOVMkAIIBBAOYwQSABAGCRM4v5/duzjms+X17v4V38ARJ7qmZKiyce0/c+zsr7rPPfQP9ftt6vZb1uk3rdhpB+NzXOtO25LLTrlu7VYvb+52wrlEvWyGfsmolb81G0arVrJVKKUla63LaXtIxVZ23bvVayUrFrFXKBatVy9q/Zq1mPSwb9aq2l8P5mo2KPhfCuSqVjCS1IPM674wVi9OWz09aLjdp2azLlGQ6SC47Z/ncfGhXsZAOUinndN6y2t5Qu+lr3TpqF+toY62q66kPLvVaMWxrNStHlp12LRwXjtXngWNBAyjAzCIghG3AQ4Ad4GmfVrNq5VI2XNzhlcs0NhMAcGHgIcCrlGlcYQEUja8dkUadhkap1+O5IjzdiKrOmYBXKEwJ4JRlMhOWTo9bKoXwWSAzswGgCxAdHh0HIJ0HCOAARfuTwnq2026WDs+F9QPAcHhAAthRIkBs6yBHwZM2CiDfaVSUxQ7Xa3ldYPGCsZGLAqil8Bzcb4PnUihMB3jz86M2OzsiGdXniQAPyaRngqCF3GC3AoT2OjTXtl8Hz8WhOfSj4EVzjBrn4ADqHcJkj0BmvwXT5U6yzeHVajldoKT1dW1vhgvGxhW1nosvhRbN17chDcGrVXP/LHip1JjNzY1KxvRZ5pzQOsThuTk6NLTRxeH5duAm4bkSsI7t7D/g4FyrugIYfGCAos8S1xY65fCi5rl5R+1sNnU362qgpN0qa7/oX7ggDQQe12i3ANWQsFwUboBLoyE/pJvAzQCcw8NkFyWabi6Hv2MpLcvPya9mggAMSX5GHFYSnoNDowDn0Byc+7mj4AEAUJ2gOVHDgOSdoLN0GmEb3x2qmy/wovbp+Kb2kwCv24kXpUE0kIs6vCgck5R4AxG/EceCF/3dZFiWSrPysfML2pkJ+7vpAYFr85nOJqG6prFEHJxrm2uag6N/LNnGfgEe5gmAcLcV6aI/ihHvWPAAyzo07Qg8STc4YUFvS91b3L14B73xDs/NMoIiCLlwfLQCpKUb0WgIgrSvVgPKseBNC9xc2FavK7I38uEYrol45wHCd9rg2kfnWUcbXdjP4QHKoSFY0FKAUfOkRQ7Pwbn2AQqgwEtCDfB0XDBhQn84scB2dKzg1RQwyuVFMwGgm3+zcSx4tCFq3T8HHsLnUmkuoXn426OhOAyWbm7eHvZzLWOZFAdH35YK6zkm+DwaDJAkMNcAPrtGuhylfQK4eJcEtauGCl5Vzr6Qnw/OGlOh4RwbbwI3J8LrdlpBlsKjA78OXoQWpVgkdZmVyNcpvywrRQKMy1JAAI03MpqpQ1oKkPUBVh//H4GZPiMOMMADBoACFIAEbYoBoyVNIy9DXPuS8KLQaZJnSU/wpX0NRd6KNI8EFXg0mIZzXKeDpqLxbX1van2MuA4v3BBF6o40mRuBOQIQeB5py2WPuq55JNEAFugFP4ZEV7Hoxxwg4BDW+c33z4BBHFJ7CVg/V4CHtqEVgAmN78UUhfUktflcSloksxDApMmyZP9wMi7aQ9A+As8iPAeIycebggCONIhrY1JI0i3Ec8UbQeBIC9JcQvMAGIMF22q1mCKh8UlwS83Xhe8uyfUOLWicPtMO9gF0tJ6osZwzVBgAABwSGq51LNE0oGUz5EqUYBEex7hm8j0cpzvR7+vCfd1FwSPPozwDHBl+IZgv/k++sIQQRDBjrovmkwsCHJ8kTdO1GqpQAFIuq8ySaca0ZCKIA1w0WeVyqmyqlRhtvYO/DlJyfVLYhv9OmicAWe/a6hICBrBaguA+r40ZSxPLpZySzPlfgQc4rzw4xu8GZobPC9qnNIXGsI2gURJEzjM/N7UgM/ouHyWIaJ3D45rFgqcU0trivGBRs04qIR6XjB2BF6NuzPPI8di3Ini0hWtjWi5JYA7Q1yWBAJz9AZf0cUkNdDmSqgBw0QyjNqEBaItrDKad1Dz2xczCneYuK7cjxwuJsqIetS0XiY2uhvNk0pRNlE8p3RAgoWlEQVKJQoAXJSMYqQAlnY5VRCo1GuCRpgCPZTY7EaqMTIYIPBfgcT0AoDXIseAl19FGN8mj4Cl/deE769l+FDwH6KbofhAwQKTjSWGbQ3Z4mG1H2gY4OpHLqnxStMX3RP/VCg1Fe2PULgdgwCvks0GKBfIvgBPdAZkO8Cj6qV+Bl82OL2gcoypAGw8DA0vhcU03u//f4QVZAhBALPnOZ8ABC3GIDo/vmC2aFxy3/F2V6KztoaES9kOrME/AFQu4BczZtZBEOmo3jaS2BYiPnCAAAx7LqHWA4zNmHOFxLGAAyLWToByei8NzOQrebzNb918OMJRqAoUsNc/FPC1qI52M5h0jHPUoFQZ+j1SD/Ah3QIMIHJhrOiUzTM1aan42+D0knWLYCEdPo2LE5VxoMUEgn58RLOrXGCyOFrQwgiPPI2CgQXTOYbkshXYsAdw/O2AAKBBe0LwYBKJ2BYA6AdCSvo8OAg4J2wSGoFCv4/uUz4X6Vo0PtW4lbItDRFHmZidtanLUJidGbXpKWrUAj+Dh10FzOV+Mtg7QNS1qYPR95Hox0sYcL1YPiJuhg1kEdzQ8X491+EiQ9VEcrA5w8AAYNyXeGM470G7jH4iQaBoax4k9NwJSjJhEP1IOoi6mF80rNqS2cKc5MR0OwUJ5XkMACSRoJZrnxwGTymMxeOAjFRyCMJCp9EP7U2rFmxAHCUiEGT1JHRn8HA/fo7lShTCIsJjnIQ7RO0yffkV0/o444LN7PVhgObghgZUloRB16ma1wZWD5H2g2ZSDbeW0U147F3QQZsdBulgTTcqHzyEQKACkU9NB6ByNQTNDtF5QbcSddVB9CabgHQhmseCLOB5N5qYw7uaDl2ipj8GhGfEa8ru6yZgl/m12dsxmZhgEHVN7ZLra390HwJKDAEjYVtVNTQBgGT8XdO6SrsO1BFKfWy35cXGp13XswmMAPjcaDEDE9UfB63YL4WAAttvQ5cR5LWP6QR4VnxPIVELFoH0FAj8ZBwZimYOfAF7wGRJAJU2E7yyBiTY6vKUDmEH7BKKl60Qtj8GJNIbtQE4JXDodn1vQJgeI/DZ4QEPoK+DMapKqbhQAHR6VDYk4STkVDeXgbEjQj8CLWsdJ0CZUGOfvAPE9yvnkkINjVv5F45IwXNuOQEvAdHEAQEciCNIU3EEcREBCRbIgwdwTUNBg12LWJcHz2QEivx0e/Sse0bp+H3gRYK9H/9mXmjqWhR7lXX4rPMTh4ZQRUgga79oECAAeyYlkqg4L4TNAWfr+HJ+E56BiZRFHf/nOeofKOo7heM4bNfdo+A7Qobn8Oni4JPpIf3FXESKCBbI9AqxW44iOgyNYHQUP2vFAyCuQLJivw4sOmfKHvC6GdZZ04rfCw/dp6VqXhOegkNDJBbPjM9scLp9d+zgHS76z3uE5wOSN+E3w0Dxck/syPrfbkYULEFstRnYY8sJ0Z4M2DgDO4fX7paCyqO/RAAke0e8hRCdqV8/e6UiAJ0DJpJJ1CJ/xfYBkX9fYpQC9s6xzAY4DQByqy1LIbsLuA/24Xw8PxdC1S5hm9Gn4uUUeUROxSNdCBKUL8GKwKB6BZ1aXJAEuhmyE9MaDggeEAEjrjqxf+Mx6hBzKTda10WE6IAdIR5OwgOi+js9Lt/vxaN3/W3iFgqJ8Nj5IR7OA0+lELlEDcWcMftB/tDO/FF45QIvwkgCpW2PphRyBh5YtCDCSmgbAsG0BrncegEe2SwDoQByeg0D4znaOY1+WrpGIA/3/Gh7a12ggUdOcE/D4zLoj8FjZ7XrUiabr8OIYnTSHBztcUIlrTCgjIPycaxICrCPbJEl4bI/aGdMbtrnj9067+XnOR8eT8BwYkjT9Y8Fz+U3wyNkw2VjqTQV4+DcAsiRYsHSIaCXbAjy+OOFmE5hFdSxG3QhPJqgKxJNloi0doOMOLxkMkLBNAIEH2OR6wAKhIs0JQ1n6TOenJkdsYnwoQKPDIY+bnwrOH0huwohrlX9fCo/PHjgQtofpHwLmT/hi/soItILLgs+L5V6EBxssEj58d6B8RwbYiNb5iiQ8FzQPeHFIPJZflGJoAmBCMBAUIDikRQ1byPm0HekvrGNfYLDkHMAYHxu0keGDqn0nwnc6D0i0hvNxw4DI+YMmLZgtwncgAS0JjvMs7kfE5IHSoni1EIf5qZEZUJ0PioRF4ueAmNTCaNIyW48kQIziznExVel0yLjJ/RB9VrSl5qXjSWBL4QWwghXg8VkS/GBCG30fOonWjY4cCvBcYxDOG6oY7RtE+yevw9K1EWguHMt69kEwW8YHGfvL54msOrfM1k0X34e4ebqgVKxzeG7GA4RiF8/x8HWxOEa9Y30boyyQZcbSQjpBp7zR3Nml8BygS9BEgQuaqm3s79s4x8z0mE1PjR4xVdeu6AIW0yCEY/waDg/T5DyIg6ddHI8waAC4+fk4eMqzEUyXvA54SLS8xcCQNFOAkd+5DHgiSKRNRlsChsPzEQv8BJHXjBQlDl3RQXwMnXQgiHcMOQKOjgsA/pHOutkidBgTdUfv4DBTttN5B81nh8Z2AHE+jkmK3wD24xzhWbLKS7TOR2I8QY5aRx8XE2Qg/kZ47OCkI8SoeR5pKVtQb+patA/TJYAE06FB6iAm4vBcHIp33MEBkQ4nNQPxDgfN1TG+nu8Oh2USFtdEOI6l7+PbXQPZHrYxXKaAlxSgxQfqBIRs0MKoSLioZCw4BjxWum0zqsJBrn3RfOWcKxEeDhbtI+fzAEFnaDhLnrodBa8RJcDD5CRoDh3hqRzQ+YwEcDpHGMnWPg6K83D+pDayZDSmhJlKwnqdg/1dGx2e+z5MmgfxuB4fpyPy0jd/aI7ZduTjHR4xAMWCzTF9Xks27vAgvRQe37kjcaQW+vgB/GCEBRjEtSyOMEd4QYski/BiPkjHiIh0jkmMfGeYiWPChEntAySODfsrxeBxJJCQMHKtY0s6Bijx5qmjOp6psqQ/x4ZHnYovx6LUXilChBfBYbLdjsOLFQUAYQMsh8cyRFs3WzfdRXiNIAxFkx+Fu31k4g4mQmOpPhgI6CwAAxQA8TFoAWaHw9Y5wwNxnmnwhE0dW9BkNIDvZX1n1Jh9gAasetBEmbnOwRyUKumFfG+5IE1hWIxz6KY2FEXbOrarDKCrazUF0rU1PgMWYLWZ9R0BC4MdChS4oTDyTMpC4JCP75BlLMBzgEl4Dg6LVZIs4m11QuCgDDzyOoKCWdQWJiI2G5I6IKUJFUoqYClwdHoC3NMFVCmEiBxTG4IN/jJKvCEEIaI4yTZ3Oe4bc0efMkFn0KiQqxXwMSTk6pw0o612dtoyLbW5Tbvr6og0oakkt9tSTsY56+qooJaL+Doeosu/5hUoeMCuc7Id7cI86wQKmW5NwIOohq+rfS0xCP5fPHoSlApfCDDP8YLm1Rtzugsp63TzgXQcUfF0gNKqZY2a7n6NST9dAeuo0R2BlLY1u9Zr97VvXydWgS8AnJThm44ayAVdfB3XIJd0YR13lkYxopFXFMzJ1HLqKM8yiIw1+aN2MyNoGd0sgeqovS2gTVm9NGH18pS1BLFTV2IracoUG4LOzaa9jZrSlIJcjs7VkeY4lKZuQFUaV+lUraz0q6J+1+VeWgz5o4EolG4W++L7aSdm68NSA632nLROjelppz6dI9pGc8XfMBGnWOABDlEM30ah39E2gVvQOv0XTG4RXsyVWHqkYn10C8CLdzPe0bifwysUo8ZFYVaUfExVGlYTrLoK9uqETHVMmjUs8x0RlDGrFScETGAErisfbtLsPr64IQVoqnRkFpZcTl21az0/bu3qrHVV9Dd1Q8o6piDNL8kPVgWuIWnK8oIJq21daXvQPn3GZH2mQhgM7falyl20b1aiu9fRzqIcNZC8qhZ9B869Jm0R0MXnvPJ3wbR1t4IPwbTiCE0EtAgJiW4hwnM/64AjvAiLYf6SzC4+h5UzD/DmdP1pmeK4AsaozFrwimNaN6MbPC+rSEs7MWmZr0ywKzfSZBJRUelMRrnj7KgVpw9aaeaA1bKDVtc5aqU4baOgcqwgEy5IAYoy4xIpDH1R2/pkIL3YXod3ZBi+1Zmxan3c8sVBy+aGrIgZqCEddRD/1JfgpIlKnueRKEdR5AplXHSqXIC7tFitIO58/TumGrP3pFYCL+Zb+CpE/k5SldTUubo0r1EH4Iy+U+9O6bh5XZv8NHYujAbLpzUVgJoKaHUiNLWxKorq/Ig1UoPWTB/Scr/W7bNi6oCV8oJanrG8rpHWjZvPz1hKGloocVMyARzmSzuBh7nyLAMZKJaHLZs/ZLPze2xmdq/Npw7JdGQadZlJ6JzSA52Yg6rVOa2XJjDO1ZTay1cijaY6pu849BjqCRCYP8Jn/340PKC5AC9EMwGsCSDQiKYVdagic65J85pNuRdZBoOU7WAhUZNb8qkVHcfEIIINkbau7KAp028LRqc0bV3B7uSHrT6z04ojmy07vNkKUzsEWFDrAqx+FdXPTH7aUtlx+d1JafycdWTadfm5kjTO5wTGSZUzNpAtHLZM7pClMgcspbuS0wWKUuey7i7TVuOkGqmpfEWUMcGV6ch8yhVJVf5HSwJPHHkl3fjN8NASN9WkAK8uCA3Bq6FxRM0CD8DVcGkH28M1dA6kp/O1dbNK0tRUeio8hswrpyNhbilq94qz1suOWWtOGjb6no1tW2c7XrjPtj13pw2+84TlxzZbpzwkM5cP7MpMdVMbCiJlaXmpNKWbNxkkl6HeHlEAGw9mC8BQYZQrU7pryEwA0NDdRYuqOgFjWwwOMus8L4jZ3LhkVABHBBB117I0ZLnCoHzEXNAE/GUSHJpB2Ef8O/CAlczW+R60UA68EQAKnjSuxOM+NTrLEyt9rnCM9sMnNQSupvQkryAzn5qUxsyoTdwUuRHVra3UsBUOvmtDbz1hG1feYKuuPN2WnXOc3XvRN23j6mttbt/L0sZ91qtPCOC8TFSW0xd4aTWaXpEFFrIjltF50oKXVxuiBS5UGHSkI7/RpYPqWAf/RQ4k38FgAO+QefFc1QEVRapKVY67inZKCwUvmx/UNu4eQQFQZS2jH3KfhsSAQWkUne9SeMFNEAWVtzUVJGq6u8BLpUZsdm7IZiRz6VHJmM1nJ6yItqqtFbW1xDsY1K6qMkLVouOKw9vs0PqV9tytP7Fbzvis/fhzH7Ez/v6P7LITP27P3XaOjWxeabXpd62V2yctH5LWT0pxogJFeAooOfVRloeZ0lb64X0aoFTpJYQKgLqVydU+wbod3q9g3onqUGkGPq+lnKul6FytSzOkiSX5FPIm/Blw8GkeFAATJ+VM6/Oij6MxyUK7LohEzZbg1aV1RTU6I1jAm58ftjkgpkZtSlowNjNos/gm6lJuNJO+FSWbqnSoWOZHd9u+11bbK3dcaHf/6Di79Bsfs/P++4ft9E99yH5y3B/b6iuOt30v32bFwdesMP6O5ed3KXrLihTFC0p/cFtVWWOlPB38fAslU99QAO/XAKkHtSTS7TDq21b+pjyu3dX3nr53Q67HZB58CZrISASJb0gc28qTpN5F+QgemACFuwSoqG0xGcZ3pgWCJesjYBX5pAlaF+Bq2RTAjhpW1TkwlbnZIcHDz8pRSxtL2p4pzdmcIuJMZtym58csVyS5npV2jup80gzB3L/1FXv8xvPstjP+yZad+km7/bRP2LJT/tIu+Pt/Y2f/t9+1O8/5W9v25OVWPPi85UfetFJml4LTsKXm9uuGDUsZ1P4QFKUk5HoLrgcBXtQ8VREBGMku/7p95UoCVm8HaTUQ1ZvNug6Ir31Sa1J2AQ9t40JBcxbAoSUzM4cDFA8gRG03Ua80wvEChR8JuZM0CVPtal1T+5YWJnDjc4tBw3TjBL2uu9/UsTXBzzN/RFDZZ352UNozo2AxZ3veetruvuB4u/yrH7Vbv/1xW/nDT9sD3/8ru/Lz/95+9De/Y1d8/U/s5TtOt9kPHrXm9NvWLuxT+XbA0gouBMWSNK+hSOu+Okr0354tDFRKSiRVr3ZaHSWEfWmc6lSVXo1aO4gD7LR4xYpnDzzkXhhBCaack4rHByaAABBaRKf5jJoDMD5kiaGeZDquJ7FWLiZgaCrpQF2fO2imbkRDWskxPBYsCBKpREXbANhWftkUPK7d0L4tpVbVwkQA15QLObzpaVt1yUl29Vf/3G45/j/Z3ad+1JZ944/tys/9nv3k079jF372D2zVpcfZjueuteyB560yu9Vyc0pjCsMh+JXl82qyJGJAX8Ev5qpY0WLiP1AoSCPK0gDVge2mKgU0LQBTDStp1lWu1IGmOrfFuxk+vTaOh4VAojsPOPd1fHYBDhCBw3xioAKL0oh9k76Pz23t7/AACTxmfiJZaWJaNyarc4V0QtpRVPrUUrDqU59XlJspOqYHt9mWtXfa/ecdZ5d99sN2xT/9oV37+X9rV3/2Q3bDF37frvniH9jlX/q3dtcPP2HP3vY92/Hq7Ta1/2VLTb6v60h7db4CqRoKIXg9WQ4KQMXhQ3j0dSDOYmd8KwaIdpNnqQxadgKsUFRXeFbBwCfQ0DpmD0RwaNGiD1tMfAHh5gg0ILgAi+3s51GXJcf3ZNI9gg6BSfAqOgc1b0lmm5NJphRlY8RVEEnLwWeGBG/a+h2VlqVRyw69Z7tee8yeuvlcu+nkvxK4f2dXfub37KrP/K7d+PkP2T3f+rA9eNpH7M7vfMSWfe9jdvdP/4c9fvvZtnPjCpseedemp/bYfEY3QC6nSD8EraU24XZoI3U2bUcxBhgaijOEiKgCyZicQIaH0h2GoJhSy9N8BiIV0apKW5jXFh4KRe2KyTFD3JjgYuoBKCLlnFIM/B/a5aDYjvhnQGISprvclz9jeImoG0xS5hlchNaVtX9GN2RmlqdsByyvxL6unLNVGrHixAe2Vznd03debMuVz1391T+z6477I4H713bF3/+OLf/i79mq0/7U1v74v9gj5/xnu+aEP7GfH/8Ru/Ksv7dX19xsY4c22vjYDt2YYcvohpVJg8SmKiUhv/Sb77neQDpEFkU5N7Mwooo/iqkL6Ul4mUSlTnhJhAQ2qC5pgfbtZOVESY6VW1HiyKTwbwQF4KJ1BA+CCFrIdr+4A4w3YGEgNgGvo0a3lGMyVyY8O+7XrCXAFZlsTsl6PqubkjpoGUEb3/2abX3hfnvouh/az078tJ3+d//Bzvqr/8Mu/NT/bpf8zb+wK//uf7M7vvx79vj3/9SePu8v7f7vfcQu+vzv2zky6QtP+bitW3mVjR7coJuy34rSropuVkX9L0hRCupzWTe+vACPPiADQ1LzlBpQb8zq7mKCaAOaAEwGIgkCOpgn6opoVSXJ7XZaHZJvknR72QVnSn6VCppWkF8ilcFPVHVRUhRePkH73Gzd1D13IkFn/66O6+jaYVxOiS83syGAWAgpQ70l4NTSDRXu1XEV/gdsfM96e+e5uwXuLDvvm5+0r/2XP7Sv/Pm/tFP+/H+xn37qX9kd3/gP9tApf2J3fvXf2K1f+pDd8uXftyu+8CFF3A/bzWd9ylbceJptfvkeGx3cZFnVui3drGavYeVezfJNpVlqR5lgBUDdeMChCAMH926wbOag/BwwVNtJC8rauVRhyaBANhTrdcyRkQzVtN2mfExP5UxnRp0cU2au0J4fstmJXbZ3xwbJRktL29qC0BIk7hgXBW6DvInivhsrG0ZvqG46EurUFtqPKWPivNmI7yGPlFBPVyujCmCj0swxlVWHrDKzxQ5tfsxefuQKu+fSU+ySU/7Ozv3iX9qFX/kLW/bdT9nTl33Ztj9wlr1968l213f+Tzv/0//Szvmb/9Uu/uqHbeWVX7EtT19lY9ufsOmhN+Tv3rOczL8BB1lApVe1KqNKunF1/J+sxDMDLGpg59YXFbGGw13HZxV5qFKryM6bCtWSqvIpHs5IA7r1OeVDQ3LMh63fHrNmYbdN7H/Jtm9cZa+sWW7rHr3FnnzwBnviwZtt15ZXrCYN7EmTatK0TFZmVppQmiGnqzqyIs0pKDoWKsoRG4IqcGEAUjDbcgXU2aUyud+w5TOHrVw4bM3KoPUbh63X3G+92narzb5hw1sftvUrfm6rrvuOrbjiFHtS2rf2hh/ZumXn2/anb7Hs7qessOcp2/vizbZ22el287n/YDee948KEmfYey8vt8zYa4rSe+RfD0q7DquNQyr7pqzW1U2UNbR4/Iob4ebKUrAaLCjA277pGSvlRrSR6QgZFdlKPUhZekqWuz2ZrQJJVdpRSVtPne8XpVGZ3XLOm2xo22O24Zkbbc39F9o915xut176Xbv72nNtzQPXC+g6K8wOS0MYhS2GQYWUrlNUZCw1iWTKBWV22bIqhJIgykEX5BryuqsFaVhBGlAoquwrDltVArhOZb/ascvqqQ02unuFbXv1Wlt7z+l2+4X/ZDf/8B/tkctPtk0PXW0Hnrvfhl9/1FK7Xrb2/DZrzL1rU3vW2c63HrJNz99qW167V/7tJQWbrbKOA7IiabJN6AYqK6jKj0q7y/UZq3WkbbqRTbkLzyTQPOAFs92x6bkIj4cfNSZtS0WVEHf7PWljV+vki3gEKLPryh/0y7pD4xttzxv32wuPXGwrlp1hyy75ll37k6/aVed9zR666QLb+upqdW6TFed0XuWCDInnczMqn4YtrUI7X1HVUJ+wvMw9W1Z6kR9VejBqk6pXB4e3276Dm2x4ZIv85z75vHGlLtPWqQ9ZfvZdG9v/jL332m32+H1n2u1XfMEuO/u/2oXf/gu7VhHzyRvPtP3PP2DF3W9YffwDq09/YM257dZM7bDS9HuWHnvbMlPvquDfozRMN7YraF2Zf29SifCsfJ2CWUO+uTKmoCH/3FSq1FTwUAIeRnMk7veQgYPvr7eK4HWlkkwdq/IKE8lwl+en5Hly6NKcnpx0ryINSH0gU1ltLz7yc3v4ltPsrqtPsCvO/Se75qdfsTuv/r6tX3ObzQ1uscrcoMxax6gS6ao2zs5N28T4IZsWoJQS2azSC/xLTvVkTjclpag/ObXfDg9ttf37X7fDh96y6clt8qUHVecqWk9tte3vPGprV11qt15zkl109t/aud/5C/vxqR+zq370D7bipu/bu2uXW2rHK9ZTiWXqfEeFfmVmp1Xnd1sjs9fK6V3W0s3vScPq1UNyV3ukHINSkikFPOWJPVUVLfnnuiAyQMpArzSPSqOKv17IDI4kybNDukOC1xTJSlGRti4fpxq2yi/ukECryO7pBP32rDWze2xy5zO2Yc01tvq2H9gD158keN+yG3/xZXv4trPt7RfvUqb+hvziiJn8p+lc/bpqYpWA6ZlZmxoftenpYZtnfCzHCLa0SfAY2irj3/Q9q/oyl9ut5HeH5aQxWWnOxNAG27Jhla247xd2+YVfs3NO+5Sdccp/tvO+91/tup9/QW7ifNvx+v02t+9Va0zuNJN2m7SlxUCmkt7y/EFrygVUcvjNYes0x1TD7rDJ8a3KIA4qiis76Mqf95SodwWoo2xDfW73pDgM3iqAMKpCheHZATJQVTZdlz8qpiX5uQCsrEQ4m5eKllPWVuTrNRRliwdscs/ztuGpa+2JO860R27+tt137fF2z7Un2Kq7zrTNr95m6YkN1i4dUkCRqQl6X/6yW6lbPV+xUqZohXTWChmqDpVYumGMA5YqunHNSTWKFGhaMqbkfMi6LfnW6kHVm9tsz/tP21OPXm83XPk9u+Ccz0s+Y9dc8g27WwFg3RNX2L5tqy0vc2znD1hHuV9XNW6vIhCqh/PzQ1YrTsn3KuiRjjVnFNEVLZVhzM/tlZsaVp8nZW1a31WJ148Doj5S3ZfEcc6jxyeJvANdXaRB7TjPoJ8K/Lo6KQ3MZCalidPSyHGrSd0n971gG5++3lYv/549csOJ9vBNJ9o9V3/dHl52qr3z0g02O/S8QO+RDFk1c8iaeaUxRV2wqMS2oJKvKjdQU81cKVtdSXdJNWkhNyiTVPRuKxD1Z4L0BK6toFDNKf+c2GgHdjxr65+/yx6+92K7a9mP7aF7LrJnn7ze3nnzPtslaOODL1s594HSJ7keQUDbGirjmmVVJlVFbZaqhvq9heRbKRKRvKJIX1Xwqss8qzJTpKFMoCdwfYsPrbraP6RQgualpOd54dFjh/GvkiqDLO+TyREqrysUYy7T1Mmruf02qXTknXU3S+N+YA9f9y179OYTbcXNJwjgCfby6p/Z1IEnrFXcIkC7VSrtsyqP9hQg2iUlveWm9cpd61V7ko40UfWxbk5ZqUtRCW5F2tJWMOh3RkPUa+sc6Yn1tnfbSlv/rFIf5W+rHrjMnlxxrb358gM2cmC9FbLbBV3XUorRrB+QppItTGs5J1DKSZlPw3OMFiM/teh+9JnZXYySF0mPatpXptlSRK0IYLEypfRsTsCAF0dRqGkZ7i8JGBEWAZrLQJMcrqJkeOF9/vD6pVIGnoV2WjpgZqvt3HC/PXPfubbqxpPsiWUn2ZrbT7HVy060dQ+dbfs33ylQG5TP7ZFpKslM7QzQO7oJ3WpN+VjX+tW+tXJNa2SVuecL0kwlv/OHrTC32ypZnPg+5ZBKQ+r75KPeVJpzrz298hd2/7Kz7KE7LrAXnlxm2zevtZnRLdKow2ZEx96EYKmmbY3K5MbU0RmZlso85hSqNq+35Gv52ZFOWwpRVLRUQt5TG5Q6MQbI2GBbJSUJe1lVU7YgtyWoceAzmingikqhMsrpqJKWlpcD7fCkiWlbPNjm0R2lT0oNU5ZfOmBje9fZpmeusTW3fdeeuu0Ue/r2k23VDV+3tXecattfvtbKEy8I3C6ZwwEFBsEoaMnQEP4zV5DZymRLbQWbhqSsYCITkJuopg5ZlehX2qeILO0r77T89Fu2/71H7OkVFwnc6bb2kUtswwt329CuV6ystKWj9AZp1gRNKUW7Pa4cbNJqTVUfMtlCTYm3SsuiMoSiAl613Zbj7ypvbQqm2tEjf23oc1H5W0ElWFFwlZ4J3nx6xGblH+cZ8k+P2dw8z00U3OaBNhnKyjiwwfONWJMP9PglnWYcIWaSTSzqmZ8xo868q8Tybnvhl+fa48tOELiT7Kll37SV137JXv3lWTb5wQPWyW2yfmuPorHMR06+VR9RUqs8KTOhDqv4T6uBmaq1MrqbOeV8ZR4JKjBk5ReVbLfyO6yW2Wozgy8GjVu3+hd2x3WK4jecatuUS84Mvml1VRc93cy+TKxZFaQMI8ZKnmtjMrUJ5WJaV5+0tDQnrZIuLSvKlvOWqyhQKeGv8yih11Fl09C+yiY6ZWvIlwV48oHFqnJQgRub2GfDo3tsaGSPlnttcvJQeATgAx1xEJQRnhg4BnpSa4bhu1LpDm/6KCr1iDp15V0HX7DX11yqIHGiPXbT1+ypW75qT9zwJXv61m/Z+89eYvnDT1mvsNW6JZlqWT6ofljOWLWu/EdZ2lVKyYfOK0eaV640O2/N9Kz2nzYrKDmVhtbnlbgOv2IHtqjEeupqe0Ql0/Irv2HXXPQFe2D5mTa4/WmrKz3qKhLqABNpBQNFSnWUcbyMAk5W5WJeQa3U1LXU9rLSiaKCXk7wZrMZy8rvVpW3VgWuKCtLySJy8vF1YCiINGSm+dKUzaWGbHL6oE3NKBeVxqUyPKOlHmfUaPG5sws+caBajgOdLTlWhn46bVFukrpss13vPGBP3nOGrbz+K7buzhPsueVftyeu/4K9fM937dBrNyunelWaJNNTjVvJ7wq1YY2wz2M7BZ9SSr5tTtFsTj5iRusV0btKJfoKQr3cTqtMbrBBBYZXHr/M7rn+FLvqgs/a1T87zm675mR77vGrFW3fMZNJ9ltp6zeV+jTkYlQmlmRGRfmhrIJORilPTqlRWWlITf4LKNVWWaDylilkBVbflaRXmzUryZxzTCSSa8KfNaVBJL95pTIZ5YZZMgCBLDMzQtGVMUSmmzBUBix/ABRHkQQvm80qLVGDdKda2rmtcF3K77eR/S/Ym89cHaLqkzd/3TY/+gN7/b6TVXR/0V6773Q7vH651VVU9+WzOsWDIWoydaOqPIpHiOFJf0q+Yk4+SdJKjVs7NSjZrZLpPZVOG23+wDO27eVbbNXt37ebLjxOlcr/sLuu+7Y9/8RVtnPr47oBBwVMZaEcdEvVSltt7DVkHUxyVFArqdOMthSUYJfk7yil6i3lYYqodQFs8BhS0Go6ptYsSQoKFNkwHsgQfkFpDQ+vSjJ3gkaNCUO6AXGIjByvKliMssccj8rCq4v4DKNYloqmdSLCdoSXmnnfPnj7l/bsI+fbihu/Yc/fdZLtevo82/zw92zdzV+zV+/6nu185jrLKGnupOXvVODj53KlMSvVeSg+r4RbBf68/FFKDl7+r6f6tZvdb42ZLVYcfVXVwBrbv+lue2XVhXavEu1bLjrO7rjsm/bcyouVpjxus+ObrVVTgFCnyBnraQWgvODV1Rn556ZSLIbJGLYqC0IYtirx0EnJrkwxvDvLxHO5o1ZbdbtyvUpNaYm0Kjz7YDCiqHZrf+bahDFC9Z30JUxyQtMk5HlNAfPkODkOOdBsd6TiFatQ/DP8AjwV0e9tuM+ee/g8e3z58faqNG77E2fbFsF75TbldrefZptWXGxDKpkqI+/J50nVpQVpZfbZirJ6+YqsgOXmRhU0FBlVy/bk9Nuqi4sjr9r0rtW2f+PttnHtxfbkXafbfVcfbw8pSDxz3/n2/mv32PTQ61ZK7xa4SetKizu6sc28TFLRu6FUB4iNotYpAW6QNjDWp5KwKKlKCzuYuSoEBmjDCLTSF6ZxxKGkEcvL51ZrU9IipWNhUFclWVuuhppWaZZrYEcBxUszNA6ACOAw34FmVwVIg7xIKsq7F/J5BdWUBz5YbW+tvdTW3XOqrb/nRNv4wEn2zoOn2qb7TrPX7z7D3nrwItv+3D029cHrVp46LAeu8C6/Ma+AkMpOWkohPjM3aMU5BZHUfpntTiuNva7a+FHb99at9s4zF9sLD51lj9/+HXvitu/ZeqUnu1+726aUGuVm3lUSvS/MoetWBUK1drdaF0CZX7YQIDaL6hDzUZSHNaRF9bIClYRo3BOUvjSIiYmMTDPo0ZRvK+vm5uRzSyXdUNXqfVNwlHT71LPAm5JWqvKQ9Ti8FtFVAjwqDH98EKJtTkV7Vg0pMftcF2o350J+l5Y/273hDnt1xTn2osz22WVfsTfv/459sPoC27ziAtv48C/s3cdvsQOvP2nTe962tArwVPqwXMCgcqPDNj97wDKze60wu9tKcgOlqbdtas8a2/nmcnv72UvtpRU/srX3nm5P33uWvfHYJXZo0wMy5zeUSO8UtP2K1od0EwetVlDWL3g9Hn+WavJ7dWUCMkflcb06ZpwOg7RdRdtuK0pPfrKjdS0FriYDBALXChMg5QKob1tMSmIip/ZpU9MyoqIyTlYXTLct8ALHCDezpnj4XZOfzBeUDmVGFCOY7DRhA/PplFbIRxVI/GTPOnFH6UZVJdDY3mfs3ZeXqaM/tWcUdd9cfaFSlKvsrZUX2kv3nGvr7/+pvac6c/dLd9rItids+uBLlhaAkgJCJaMSKvOBZJtlJt+yiQPP2d53H7S3X7rRXl1zsT378I/tmV+eb+ufvNJ2vPGQzR54TWnJXpniiExx1GpKPypyBcyY6vKKAL/0UybalpQNyByZ/dmU7wGeAkVf1UVfRX2/z8xQZQy1WUV9JAIMKViPedeYnPbp4buUPqm/beWPcUoxpo7E6Epty2MJJjgRWJhil84MW1qmz6yCgZzA5bMqyRTNuENcuKe7US8NWnp6mw0ffN22bX7c3lEHt775gL394nJ79qELbMUNJ9ozy0+xTUqWNz9ypm1f82Pb/9IlNrX1dmtMPKPg8Lq1cxuVAG+wiUPP2PtvP2BvvbLc1q+7wV566ip78cmr7fV1y23bW6vs8K7XbHp4u81PS1sxdTWyzqwr+ZaQIhDI6vJ5TLlQ0c+S+SzMa6kpYNTlZ9vyc3HiI0/ctF5BgWBSp4aV5oTHo8oVe/JhcTaXP0OJQ0xcZ3FqXHz/hEeyYZrIAjweCyBMyasqug9kFQ2RUnZCvkPFtdS7r7vRbUwLII/3ZIryWRPjW23f7pdt85sPKiJeZI8tP9lekDm/t+p027n6NPvgkZPs/RUn2YHnzrW5bTdbdv+D0qaVNrpnlW1TVH3p2evsiVUX2+OPyNc9db1tevVe27nlKRvc+4ZNDH9g0xMHbHpK5dGcHL9MoqK24KfwW+HVAQHgO7M1ESZ4s6wJHMGKYwq5cfneUUvpBsxLcvLBzHaqq9zEFCMouaaFKiHO1CcNYXwuPgE8Mhe7S4rCiy48/GFqna6hbCKvoIQwP3Egg2PncaEuWtUdbyhytnVB1L4tx9mU7+hIrWu1SfmxD+zAzmfsrWevt6fv+b49f+eJtvmX37adq75tWx/4mm244/P2zgPfsB1rzrH3n/uZauKLbf3ay2ztqp/bqvt/Yg/ddb6tvP/n9uqzt9murWtsYnCjpaZ2WHpmv6VmpemqKflFsmJe+ZcEgAACGvAQoAGsCpQFkCHSq+qYUnk1MbbHJsf32szUAcsm4DENF83rymSZ/hujJ0KpFSECMDyvDj8LgOZRNJCqqP+MvAge87Yz2cEgA2mVIkypKihbL+cEUHevmlO+pDtZU+SsKRUIEw4FkgmAmcnNKqcesTcf/1mA98rtX7FNd3/Ztt77Bdtw22fsjds+Z2/ce3zYhnY+escZtvre8+3Jhy+zdY/fYG8+f7ftfneNTQ1uUFTdqUR6v+VSB5XajCpXUwNlakU5ZuAhmB7wXPuABVSAAREp4cgFD2gOjtmcBUVXJmMyVYxHncDrdAG3mLPF59NE0wgwvnSj/C7AYxYr8/F03YaqJflhph0fgTc7ezjAKxfGw3PZumrHKu/ZZxW2s7LznBrHi70C2axMWKt4wPKKxAc33mZvPCztu/lz9tINf2fv3v7fJf9oG2/9jL12+5dszfVftF9e9VV77PYz7aXV19iWVx+ywQ+et/nBt60wqUCS3qegctDy84rsiKIY4Mj+K9IWBmIJGMABGubLWB3QME8EaJhrlnkr6gfQEEDmpXV5WRK+ys0W7WO5CC7CY85NEiBlGVNPWLKuKfjAq8r6AIjJYroDM6QUiiBVgWvrIkxxwDm3eBlO0a0uqfLTlAWFcZl0tzJi3eIOyx1W2rHuIntx2XG27upP2IYbP2mbl33KNt3yaXvtls/ZY5d/xh667Ev2zN3n2bsMK217wQpj71tHPpRZ6e38iOAdtuzs/pDW8ACoII0KD1rUDvdnmCnw0DzW4dOAg2Yh+LdZFfTTk/uD2fKZ7dmQUhAVmXg+I7NTBSEIQXQTfhs8XurzH6ypyXUx6kxijZSlREAcmJuXyai4rqtM6emuMFTNm9x9Jj222kHC1LKanGdJEbDCw5UDVp95xQ6tv8xeXv55e+7K/9vWX/0xe/Oaj9rr137c1l313+zBn3zK7vv55+3F+y+0Xa+vsIkdr1t2aLtV1Lm6OldPDYUEOj1zwOYkKd3AAlqCiaEhdFDg4ps/AqqlmyfA4iTrIR17KIBLmmwSHn6PWauYb1WRF4hoYqwWeBYbZanZAo8pdIyqoL1FBh8EjbnYgMP/DeQVUYu8CqDQ21bDw2NGfvZD8Pq8HtXpx2VbIFUf9lTC9KtMzX/Otq+9wNZe+2l7VvBeE7z1l/9He+my/8seu/Av7dYzPmb3qtjf9Nh1Nrn9FcuN7JLstfzofqvO8kKJ8jh+QFUA0f55+RCK+5Z8UoiIC8EBn4ePA1xS65ZGVzTOta6Iz+Y4AUMcGMJnZvpTJUStQwgiMWDE31aIM8aAxzwdtDejysSjLMvg8xgFqSk7ZxZ4i7uuyNNt6iRNhetGW9JR6iKAXV7SY73KmvI+y+xZbW/cf5o9LFCP/uw/2guX/rng/Sd78ZKP2Yrz/8JuP/vjtvrak1WBPGxNwemoDq3NCdjksLUy0vKS/BCzPRWoUimlQzkBUTpQa2m9HDTgMFt8nPs2QAEOH8d33wZEN2M+M8+F3I4o6YK5As410Essj7hxmjDJsUpBwYtax/QK5lzrxsnVuBBx03I5A3Vl2Y0O0Yixe2kdoxFtaV4LeM0AsB/ebOzGWlLk+6U9Nrdjpa279Xi746w/tZtO+tf20Jl/aC9e+lF78fJP2OqL/toeu+LLtnHlpTa762WZ+rT1ylmrTSmCT6twz83pBsiPVXRtbatUlEMJXEbnJnvH3PLZsQAGrXPtSwIkQKBxwUQFk/Vs5xgmg4f9Za4IPo8lEJAQgeXv4jPYGBSQmOvVgsny3hsCWAINyoXJYq4ugqe7gnB3JG2dpN+m/GkIovyezLXf7cmcG1bPK+KKeCf9gQ1tvNtWXvZPdv1Jf2TXfeN37Y5T/8BWnfcRe+riT9pTV3/eXr7zTNv10t1WHN5iPRXTPQLQvBot6eYzAV5bRT2vewKPST8p3dU51bMp+UNgBBAC5/kcnwEEWAACzuF59EUbkQAas5bJOcRjwYvzCKPfw9cBjzc4/WEYUPsq3XhDqCGrq8ltIUTfgZa0raFAwWAgryjx+lJP5I1fseBHFToNST2YbLOgaDO3x7KH1tuWNZfb3T/+a7v2hH9vy7/97+yu0//Y7j3rz+yJKz5jbz54tpLkG238g3VWTx+yNoGGt6yrkmJGFZB8Z00mo7yuFBy7goBkLq0KQ1GX+pFUg1QFaPGNRh5aLwYR1i9NW1xLfX1WkPMLuR4mG/2dgsYRn0fyz+QdVRAS/B7VBfD49Qt+Nh2oWGRXlslbobEWVlbSTdtARzbe6pXCCGxNJ2TCMrVkmKEpNe4Qwplexl0S8ezou7b79Qds3Z1n2X0XfNruOfOj9tCPPmorf/ZJe/zKz9lbv/yhtPJem9/7Qpgn0lVm3iwJQI3zKA2oqHhnNESNbvAsVJozr2g7MyOHr+AxL60LCbM0BxiAIk0J772qrIqiGlVLorCD8v0dHt8LABU4fB6mF82PyZsCSV0sCe/4FnQTaWOLgYNotv4TIrx9Tl3MiAvahrTk6gA40LaGdaxuQAyvUIlyX0tjlEGqSnnWUHXRZcCwOmLDO1+wlx6+1FZc9S1b+YvP2pqL/8HWXvaPtv72k23H2sttatsqq4b3Gg6EyNxVx5uCX5WZlmUKdaZwSLs7jIupggjwpverrt0vgIcspe/u7wABIMDx3qupbXK4kvgMAagAw8Q5BmgcQ1VEsKlL0+LwkmCrP8Crh1ejFuHxu1H8ABcACR4MuxMsAMfPC6OZMdjEJBmTRfsAONDqt63dl28LP7al2k4X6HbI93jXVOrJw+S2DmiO2/zUFnvnlXtsxU0/sHt//iV79JLj7Pmrv2ivL/+W7Xv2assfeEHJ706ZvXJBHUtjawLXVNKZL6aUCEsbVL1U1ckwgCntKErTUmjdFKmGgsD8ov8ChGsemsa7r4tPr5SPJeC5jwQaoy2YeBctBfbCyycMzy+arjRJllZk1DvLDADeWBJoBUzmYcc/xvSr8OoNHowvaF6j1xG8jnV5PbytioLBAO3Q6yol6SPyO/VBmxx72zZveNgef+BCu+vyE5QAf0n+7cv22k3H277HfmLZ7Y9bN7dH/pFpD5w8Z7yCnuF9WZlBRqnKHL+wjQNXRGVaWzWvepqxMZz/nJz/nD4LMAMDaBFgAgxpXyjRAkCeaMlCFnLBkM4IGmbKMb5/AI4VMe9EwuBmLPCpFhZTFczWf+U7jGfKt/MTn0l4aC/+DnAEjSM+r6EUpM1ExgV4NRLV5pQuzMQblWztIRsbe8veeO1+W/nQRbb8qm/bzT/7kj18xTft1du+a7tX/NiK795nnVlFVVUfTVIPBg5lBjNq1ERmymYV8jPyHXlpUUFZek4JZkGBpMxEHwEsyeQKPCdVPV3MkZIoixcQDwIEhyTA5DAVwjb2ARyCtoYgo07HAQEFKi2jBkV4BAtGVggU8efRIyiCBm97+p8CC/CCr6Q60c05ymz5iyg93j3jz7Uop9GGqHWqJLqjMqEPbNOGB+3Be39iN159il12/nF2zY9Vu958mu186gpLv323dWfesH5jOLwPkZsn1Ri2ydlBG5U2jcgMR/Q9KzNpqAOVJmAHFRQOCtRh1cyKqkBipr20tMojxQVwSFIDgQIsj7okwgSy+AMKioZJiFri8wCG5oQBgQAvVhjAw8dRQRQKTORZAKXUhMQYeFHzVFPrOgx+UqLFMo1yb1rwFJabsvHwaroa2lLhi6/rd9WZ/B47vOcFW7PqSrviom/aWaf+tZ397U/adRd+zV5cebGNbVlhzfH1ip57FEwG5b8OygQP6cKkHYdsKn3QJgVpIqd1NVUXuinVrqqCuqJpmfc/ZL5l/JQ0QZ1oqqEs+U0BnDqz4pkMXhY8JtgwX4T3/insmWxTwSfqO76aKWRN+Sx/T4JXGEJKon2DCCzviXiw8FQFU2U6Bevwef5TJqwHIi/lMFSGu6FO5mXtDIm8ZKAr1eVXIRrcKTnxttSSV5EaxUEb3/+avfncXXb7Nd+3s0/5Wzv+s39mPzjhE3b3TWfae28+aJmxN5S37ZTWqdZN7bbs9C6Z3yHjtYJ8QUV/XjVrfp+livstUz1shZZg9eSbOgLZ1LJGDiZTEKAGd70u7dGyrs5gUnSCDgKKx4Z0gu/JdTzNokpQwR00CXCsZ1LOEUAB3q8K2/B7DI7GkWXKNHK6+E4tmsjNYDoZCTfwmNWfYghsflipik7SVYXRl0lZH5GjVb1bnN1pe9992l58fJnde+MP7bLzvm4/+cHn7LpfnGzPPXa9De990Wq5HUp091g1s8tSkzssNbU7vJFTLvB4b1AR9qBlBS5bklQPWb6h9W2lFG1Ba6kSCI/6JNIsfoihoTtNWhM7FB8sx07ESYUA8Q4DjXV8J5Ly7IF9XfPijKaoZcnzAYYl39kf4btPpfDr+Xn8un6zeIXA/5zOQE07NZRI8ms5PHkCHi+pFGd32eCOl23bm6tty2uP2FvP32MvPHGzvbL2dtv+9mM2N7rRKpmdlp/bbjPD79r8+HbLzx8KUZRf2alV8Q2qUcuHLSfJVrSsD1mxKXgtpSEtdVBaXlR5RslUCg92pHHSPjpGJxE+oyV0yEEg/p3O0mke2PDZOwq4pfA4H/v6eZfCYz37cg7A+U3w6wMPaEh4D6OlDU1FnxaJsLJoZki1lM8UVIZNH37bJva/IfPcYrmJ92x26G2bOrTBpnn2ML7VMtMf2NzYezZ+aLPllOg2dSNaulhn4Xw1+c9Slan5glgZtoKS7EJN8JqCpxtUwQkrMkd4Mt8yUTLC8M649jk0JJjigtklQbNfEjTi+7GNfV3rkufzbXxmf6ADDeGzr8N8/VWw8B4GY2ctxrqUYjRkQk0V6BWlEClp0uTBt23ywCabk2aVpImN7EGrpQ9YYWa3pWWm6cmdArhHst9qSjQ7Mrt2EKoRXVQazQhsWTejVFeCrKBR4FUrfS8zIit/x0uDFO3hpz90TCgPE+DoFOIAHQ5L1rHPsQCzHXHQfkxyfVJcU5du4zvrMWO0jXfrgBem1RK6mfTCa0oFFeRlxtXkt+bGdtiENAqZGdxieQGrC2qD7XMHBW6f1h2yulS5pcjUqqjRRV24pMYh0iLSBp6b1pVb1ZQnlWSmzGiKwnQuhrNx7kAm2kVNAp4Dca1wzaAjmCUwHJ7DYsl+vm4pgKQktZKlaxqf/Xqcn/3c3wHNNS/AS2UUOVQiMUUimxlUbqWImB8RQKUXM3uDVPS5nlceR1Wgg4uKNPlZgVY1gLbxK7Qt/ihSVqaS110uqtGqZRtKNhlUaIXR2jhDiWKdcM+4HUvgxQc0jCDjk6IJOhCOc4B8RgPoCB3y9XSQjnOMmzxFPvs7nGMJ2zgmCdpvCEv24bxcL0bc+NcIENYNMKGPORjMUcPEGvJDTQQTloa0ihPWYFhHkAtKfEvzYwKkILOgYVV+FTEvtc+pkXk1oijzEUimR4TXrpRHtvm9E0GuShupbePvpMg1pOOvSFDK0WFq0FCzqvF0xDWEznlnaDh3HmfOOoQO8p3tDBggpDkcizgU10qWDo31rIt+czFocG1uEOd1eHzm5nkkHmiq4UyjiiUMfkPmJngNZdBtLZkfx7Pc3OyQ8jglwvM8GE/HuSOVksw8rapC9WVGGid4QAwgBbENxJpg8FueVaZLAHrW8vwGu+pc3svlx2zI/sNMJGkfnaGzgKDjLB0Sn+kIvofOOBjf10F4fsh6lg6NGwRYh+TAQpId5qfwwJsHPzHiOiSuiSSjOJ8HeEWo3Vek0hKQvItQxg8x6iFt5NciqhyoDkeZCdpWL/FjVyWVUyWVVnmtV8cEMTutiDSl+nVGCWxGHSqr4QLd4QdUy4JbkDYIYvjJIzotnxtKJkVnoi/vRzi0pMYgrHP/gwnROdZFMIycoHE8d4hTwYCQ1Ko4HwVIvyrkiSyjyS+aLPDcTPlO2xA+D5RV71Vako40pi0z5O0YfslGmsfjyKbg1UoiXpSTLuozv6MnIHV8nOCVi/FnJXP8JamZCctMyalOSjNmlXpIK9tlRcOqtI8XAstywAoqtaIawLxgNYBfRqNQB161ORvG21zTkuD4DEzv0FJ4DoF96RzwOAZwAHHtWhzSiubt4uvYl3NwLc7BNRyea56ff6AgZ11Ug5Gy4NVUbTQZghHUeiOmGyEXVESldOItyPBbTTLHssw2L63LSutSsxM2P83Apsx7RrlcWlorUF1eHagIoCA2i0pupXmVgtRefpO3uPm1sPBESzeNF+ba3UWnT8cdGpBocNKc+Ix2sZ8DiJoT/RkQktt8FpT7Vb8xiGuor0/C41puviwd4kBRsFwqDL0wn0P+LwwcCh4d41Egv4hI7RgexwlgpVpUgltUCZZT1Exben4ijsnJN+bnBC+jgCNQHZlqt6LGMbdO8BponuBVwhQO5hPH56vAi3OC/alW7IjDc1Oh4QidogNJ7XLNSUJgGeH59LHo19gGYG4Kwnl8/6XwHCDwEL/2QEHACtI0pLwAr607w8sdDi/8wFY4oXwWxbLSkILMN4cUeDtc/i6nk6toLigql9JjVpF/bBZmrV3KRO0TvC7+TzBbWsf7buSC/MxbMN2FXJBrJjvjHQGeQ0P4zDr2c9guSfND+LyoeTzUXtRoICB89muypA2u5chSeGwbSDekNTLdjCTHUI80sNbRHZHUZMpVOXPgMSO8Lnj8NEhe/iqbn7O0JCPtyin6Bg0qMTbHTCulM/JJDWlWqzhvXcHqy3QRHkF2K+qwcsDoBnDABA35Wvk+nuIBhsbTEcCgIa4FbkI0nn3cPFm6AAdgQEAcaPSLzIBa1GiH5+diPctjaXoSHusG5nTgnBo/L0mp8VmlDnl1pCQNqPEzHEhTPieIOiHfV5DGZKRVKZkekuadC1ULlfKIAsFIGBStF5XSFPB7qpkFty9oijrWV9Tt8RIdP8VLxA3vcknq8UaRSNNoOkYnHR7rHJzD4zj2Q/gMBNdGgAIE4btrJ0vXLo7zfRA/l5/Pz7kUot/EgZTufkoHptR44M0raU3JieeY5iVt5IE4k28QfqiA140q0tCcInBKpjqbnZLI3+WGlLcdtkpxUGkM84rHZZrKFQWvI01lxkC/mpcQPARO2kj0ruo8AQSjwOFGSXR+OuidpWN+52k0n5PwWDpcOsg64DgAvrtWcV6HxzrEgSVBuiQB+pLrE4EHii05/lbB8s285WoyYXUmXRQ8FepVaRvAglZIM5kZznh+TQGkJA3JqDM81JnN8AMLTGMdVBBQGSdw/L4Toys8YuxUlE5UVMbVZEI1NV51MIl2VRrLHGOHR5QPU1556iWzw8ToKI12kwFOEhzCZ9Y7WDrtppfcD2BLAbomOjyu5eLHI3x3mFyLtgw0OhWr88SopWRXHSvKkRelKfF9VEUu+QkOoFH83Bp+KYrSDS2ZkJgrqt4LPxqjrJ83cOQre4LMAGsfc1HjmIDdUbRG2hKGnhg9PtJA4GkfOrLoo5jqFQc4yetoMPv6PgjbvVMufHcYiGtdUhxgrDBicGFfbkzSPBEHyTk5F/uxboBfMIt/hzb+wD1/Pp9fP+R30/kN5J5KFjJ2CvogAuWTZ0JyKx9JUh1+BnjhArFRZP2xg3xnvUvogADyPMI76J2Mxy7+1jL7OjyERrOOfdAaPnPO5HmS10KS8Pjs3/+58JKafjQ8XiFv0kjmo/Fjgkx8QYhgqHYhnAwb5+UNinmmwPJAJM64VCqjejj86H2HDh3tlLkYF6YBLq4dS4V9OY7OkFZQa1KncozD82DB/ksBufh1We/n5pouvr8DRFiXbCd9dgGUax9L1oWAwV8M5gkaf4YhzsONsyLjr9VyJ6LJAg9oc/ODcT6J0hHghR/m590NaRmddnA0jkb7xZbeSdYnO8VnjjkaHpOq4+gIJgs8BgXc93mH6HgSxFJ47OdQ+JyE5/s6mGPB8+N8PeBCwGhKywI8QfMZ4MzFjX9AhNwqdpxfMGPWEQCP1jylFeEFkphWODgak2wEF6TTiANkH5ckPHxdNNuYk7GN44HHcBQAXQM51o/zNiSh/CZ4yLEAH0t8O22nDxFeE6eLxpB5x3GwUEnIz4VfTGRQoKIDw2wiHVTgx57lvBfmuYV5HyTSROaFxjg4xOElL5qER8NdOBYIDs41mfU0HmCAS8LjOECxnwcRzoGw3o9lXweXhEsbjgXO2434sSyPggc4tA5wTC0FHA96/a8IcxAN5OceOdAnCjKI6fAQHiqH/X5DY+gwF+Wzn5fOsHRhBBh4gHMQflM4Dw1H+My1WO9atxSeH8t+S/dlCcBjtRWhjfQ3eaPZF2EbbRiIE5kXIw470kGEz/EuqQHSLswUjUPzAJjUvCQAxBvsjfPGcFGHR2eOhkd1EM3WIXB9lgj7cizC/oBhexJcEp5/5jj25TP9ZHiKbQ6P89FGF75zo5M3iut5e+kX68LPmzPXg2EaTsZB7lfYCbBE0qXwkmZbpxJZOLFrCeIQHaDfSb6zfum+iMNzc0UcEG31cyahss23I77Nzd4hxwHRmAKxjXX/M/CQZL8GmPzCT4HEuXQxnwvBQMkvJ48NUKMFyAGidZ7vuVCTckJOTGMdjF/o122j8QifY4fjiDDbAU0n2M4xDojPtI3vrl2c328On30fv573xbWa7+zn7UjCQ7hm8jvnxRo9ZQo+r6FqgPdN+ZlyEl5PhIEVfhooDByqwSrJAM16NM6f9AM6/CojD5EWtIoG0WBvGOIdSgLwRvsxdAqtQEPY31MTzst2jkUcCp9dg9AWLAbhM9u9DSyT8Bw21/b9+MxxiN9Mbzfb0EDOzRwVHmDRrgQ8mVctmiWaxCgyD4Tiy24yBUaXFwBiquHXIY7Ai0/QXUuWwvO7yHcajtCZJDw+s97hsM59r8NLHsv5l8LzSLwUHtvZF3BL4XEdPjs4hO8OzttO346hebMCIgfcUFSpUp9OyDSBp7vSimAdIPCC5qnGpUPcDe8gn5OalwTnjeKzd8o75g1Ekg3289NoGs+25HEsHTafOb+3heMB5uKQAeew/RqcPymsc6i/TQaYZ+svohVLPIQeF0TgMYKsRkgjAYdPROsw2UIxQvPOhVxQJ6ODDg4INIJO0SBvlN9Vh4v4fr5vsiMO3fd1ARgQAMhnzuHHsT0JD3fg8PjMtdmf8yc1yRWAa7LdJdlmv3l8HyiW8Vcqt/KHZYKDgjcms5wK2sj00fAXqboEFHyiGiiTZq4af5WEhnIhTk4jucPeGTqcBIEkG8Z2jnPIbEtqsp/bG5+UY8Hz6yF0LgmPdgENYX+O92ti5viyo5XhaIBJcAjfacdAocTPT/KrFAe0PCRfNqaoGufdNlvRpPntkQhPgULw+JtA3kHXCjcNNyPWJ2Es/ZxsJMJ391loAtscFEvvyG+C5x3mu6/3z/6dY9mX/Y4Fz9uGcD725Tiu5Rrnxw9UanL2hUV41dpEgIb4q0JtHgkKns/pxed5pzkRkrwzfGYdDaBRNM4bmRQgeWNZ+nqOcQgIwJLXS8LzTnmHWLKOm8h6bxfL5E1gP4Rr0TaHx9I/+w10+Hxmnbd3oNHSB2lfJnfQ+Ntn9eaUQPHQRw2V+eL/gNftqUGKviHyLjTYO+UnZOmd8200hJlFhHfCfFLCD/qhxUpzEIa8EHwqD4XCn1CQkH+Sd5Y5vzp+FLwARtdbgMG+POkLFhDgkcvRHnLU2Fb/+x1UNLTbbyKS9IHsy36cC3hA50968WOEAB9oyiwrFSb78Ce7RrQzP7KvskxC0GB6WPg9vZDzxbyPioSTcXH+5AJ/BIQ/QcMydE4XZMn3rDRpfm7IZmcPBZmbPWxz89L01JBAjaih8rl5aRvzfRe+8/tO/I0z3j7ic7WCCSmwlZj8LWuQ+wi/mcKITlKUXoW/jaasgNFsZjyUSuSJE+oj85c5D76aEaGYUeDHY+KvPkgcIjeTm8gP6gdloIDQ9rTSMn7TeV43fqBOiaUGlRhGl1SUu9VU9POXTfiDaUz45q2gI68vMW6npJn3IJjOX8WUmJioJX9cjXX8dTzW8SYPbyXyEvHM1D6blczN8EKxglN2SNtHBI3XQ4eDZDPDViqMGb8qxI/38+cI8+G5yIjAjepGyR8rM6gS1JQVIHV9b+iGt5RqdeSn+QOabX1ukEXouHRqvzR8v44fliYKoHw6fzAkx19cqes4ZRNoJ3krEyz5FceSNJOfhcthEWQWaCSWIStJLcDj73EEePyAS1nQkPCjCJRmqL8A+Qtzvw6evzjCvJN6VQ2R1kWovwoP4ZX4TOqwoAwZv0lfyAGO982GAtBycVQ3TUGqLTMrApbfhefvOo5YVQD5I5ksI8AxwRsPoNoN3nOblQg8b+rIdzOxPJPaK3h7BW9Q2shcaeDp5vG32ur89QTgxbITgOHtzyXweEaTVT1/NLwR+38A0d2w30fh1a8AAAAASUVORK5CYII=","Pes quassus episema
","neume.pes.quassus.2episema
","<neume>
  <nc s-shape=""w"" />
  <nc intm=""u"" rellen=""l"" tilt=""ne"" >
    <episema form=""v"" place=""right"" />
  </nc>
</neume>
     
"
"data:image/png;base64,iVBORw0KGgoAAAANSUhEUgAAAGkAAABtCAIAAAAtcdh7AAAAAXNSR0IArs4c6QAAAAlwSFlzAAAOxAAADsMB2mqY3AAAHohJREFUeF7tfFl0HNd5Zq1dS29o7CAJ7uC+gwT3RatJiRIp27Itx3aseCYeJ5l5mYfJOeNz5mEeZp4nmcWJY5ljOxMpViaWHYnUSkGkuIviKi4iCZACsaO70d21L/P9VQAESiTI6oHoUOliE6e7UXXr3u9+//4XWN/3mcpRFgJcWVdVLiIEKtiVz4MKdhXsykeg/CsrvKtgVz4C5V9Z4V0Fu/IRKP/KCu8q2JWPQPlXVnhXwa58BMq/ssK7CnblI1D+lRXeVbArH4Hyr6zwroJd+QiUf2WFdxXsykeg/CsrvCsfO/ZLUif7fLGPvXdQvNFTozEp2tn3Pp37dCYgC162bpklg3FHPuIbvWTYDv0SPw3TDU/TNZtKqsAqwNo09ZJedH3HZzy8gl9EOB5w3gUQ+LbHCiMk0ItaLBbjYwLDMpbjsywr4K3PuC7Dsgw3jiqua/H4XQCkYRoYR5bikQqHXwbssGzP9TmeDdkUHgCLBzLBoWvWmTNnLMuaMmVKXFYymXRMFgk1npDX9aLjOMlkFUOfIwjilwS7kqZzrKAoQIRQ8zxfEFjLtCQ5BkBPHP3gpZdeunjxYm1t7ZSmhvr62nQ63dIyZ978udV11QwXQg7UcPmXFrvbK3XfI3kkCrFQYR7kNBZjIadA7ca1a++8886HH54uFAqmaYJ6shgTBC6fz06d0rh06ZKFi1rWrl3Dq6pRKMrpGoYZ5eo96L0HiHdjunyMGvQGEJmmK0kkfqbNiMQ8pli0jx5+/529/6RKsVwuVyiURFEsFrXh4WFVVWsyVQP9vTzPijwjK7GtWzc9tXOnUlfHsBLDfjmxI7U2agpD+EaEDULqcwzY50LrcexwUWt/98C+V19hzKIK0WVZ2/Uc27Nt2/MYQRAKwzlZjqlyzLENyyg2Njbs3vXkuq88wXDyvwTsQvUE0tHP0OWA1No2A/FsP/DepUuXjOHhmngsN9QPM8JwvG25NTU1DQ1N8GeHh3OmoXV33WBdu6Y6xfjOipVLnv/BD+XG6Qwb8PbejgdIZkOUQC4XaktR4E/AJjDAAhYWYpvPD3d0dOzZsyc7lE8kEoosOqUhS9cN00qnMzXVdctWrNy0cYssSYOD/X//0t8dP/p+Qo55rqHIsVXLFv/xn/07trrxS4sdYPI8h+fJkwCCEEYucNgKw3o+n3/55ZdPnToFg1BTUzswMADsPKPQPK1p6pTmuS0LZs2aM33mXEEWSvmSUdL+63/5zwO9Xa5jxiVBirHffe5brV/ZwfBKJOwimOR7I/IXeBbMKIKEUFoNwyLgfKbnZu8nNzr/z9/+8vixI6lkknHcYi4n8bxvW3V1tY8+9pU/fP75R57YMXvhAgAHwY6paq5U7Lx+kxNkk7xnRlUTCxYsKGPeDxJ2LAyhJCJ6QmglxRSsdmgwu/+tt//7f/uL3MCgyHJ6ISey3vBQ/1Bf9/y5c/7ge99dv2mjnE4BbXJfbA+GuKgbH549VzA0DwoSetD1pzZPi+McXY8K34OEXeDCkY6TVRHRFBBsbz9w+PBhyzSH+vsKQ0MiSCTFqhOJthUrnv/ed5e3toqqYlo2tCEI63EcLzFqQjl95lyqutb1eSWeSKSSravb8C0jy19a7MIQHlE7j+0OAoH2/e3v7X83l81WJRM8y6WScWBXlYj/2z/54X/8Tz+ub2pkHJLwmASVJnIigw8li7nS2XP1+g0xFtNsE/qyecas+YsWMjGRYaFGI+ReRnRHVLx/j+e7DgGSy5n79u1/6623ent7RUEaGsjC3LKut2T+wj/+oz9auqaN0QxGEBlRsF0XQgqokWGJxZi+/uyeX/1CM8x8scSChWq8be36THUt6dBouAXu5e8RiNEEUpgfGjvumAuiDBPPFA3/xImTv/3NK1c//jghSzHO5zmvODy0cuXy577z7ZkL5gMyJpNiPAfujMALqqJixGENlIWFMbq7bqbisqUVqpNKXSa1tm01o8ZBOs+wokIxMXbhMsa/Qp1z+1eke4cyCDjClxdk0IJXeIzc1HVtvMeXJdPFV9d7Ci/s+cVPf/az/FA2qUimVlBFLsZ4O7Y/9o1vfV1tqGMSks06Dsd4ksDwrO86uNgwmaRKwVbHx1d9XZMdQ3X1OoXfuHqZlEoyQM2XOLU6UlDx++fdeI6NBvoj38EB9jwP3hwiLcu2ZIlHgPDLX/7ylVdeMTTNsg3XtpJxxbH0b3/7G1u2bKqbNjWQImTsJJcTHYY3dJPjEJQhMUe78fGVgbOnT3O+M9jXlVJE39IWL5hHmyQpSFdFS3sG23vvMoszR06GZoiuHG5DSgwC/TyqouGthbcQfEYAW1ie3niIUHk+Jsa0kvXOG++Xslk1BjEU08mk5zv19XXf/f4frn/s0aaWuSSqPqHs+S65HwwXixFmgcEgGp8+dfLcubOSJOm6nkqn5XiieR7cOpxIq3FIpqMd945dtHHvenawvFte4y9xHR+qCnBqmhmuv33//ld+/RJiqDnTpyIOLZZy6Uxq8Yolq7ZsJNMb7KcHU0KbgQQUAhCb42E9OeQ1caPisHvzkxvFQt6xTCTvZFlumTePzAeFwYHDHR2Jia8Yv7rPohGyb/zrrnh95gQsNnh9Okh4ApCKxUiI8FLiEhzaI8eOH37/CKS348LZXG8P7ENNVfqpp3bueuZpxyhi9bQJSKmLIhjKswL85JggeqCSz8kIJxim7+bNwf4+JSaWSiVEux7Lta5Zg+wVbV/wVBhSUlHnHx3tqHe46/ljsjL6htbiE4Lho24nT5763e9eHejrrUklWMcwi9mZzVOe/foz23fu4BTZFcjQ3nKT0WoOpD0cAaicP3emq/NqOhGHG4i4GPDNngtlF7BfApthriIfEbEbb2LH7C8yZ3hFLDJ9aqox5/GqBt6vSGxEyI8VXbn0ycH2g51XO13bzvZ21ybjC1pmb9qwdsvWDYzAGkZJkhAP8IGl9j0kC1zfB+oOknkjyECOPZsxS0WtMAxuwXQgidAybwEvq2B1qLmBZmTWRbEVt9uW8Y7ZrU7a3TeRvdX1CeEbBbFUIlmGGTlw4MClCxfjimrquhJDtsnbsG7tI089yUgi8m6yrBieHVQWOQ8qC4ECZA81HjARbgqEmWoXZEVmzWzOpOLacPZm1w2Yi3kLF9gWvB9OL0LkcV1kQ0EqcoJF6oZFGW1yBmhoB5s5dniepenBUj3GgVfphRo3woFULy2aVCqKhCAuFkllGmDmQ4xId//853934thxrVRwcQvXyw1lH9q6Zeu2zeFdXMex4P1yElCjfSDOjc4w2EhwyXEpC3/1SueZkx+oMb6YH2qoq21oaFi2dLmYSOAkJZnWtBIQjyw3E2OHxHTIZxGBIiUaaWYIvJF7BOYxGdkuz4W6ZSkXxIgwdmU4SYE+ErHzNExQ9KOMBtbyu9+9dfXjy9mhARAoHVcE3m9d07qsdaXS0ECC5ri8KPM8/LjwpiCdgFewGYCNvgJwQow5c+bSP/z9ry+cPVUczmfSqYSqtLa2ypkqhhPoBQsTAIcSblT47q7veFEgZYD5ECVgAVE5jtkB6VxN50WYeZYIg5lGPeBYYT+CLcEtMDxUO1atqEz/QKG9ff/gQI9llETWR3KpqbH2occenbVocbhVFGSEHo4PeQttdfCRBiHWwZGGgca7w4ePnj1ziiq4QaYTNca2tWuCM8MLAV2wY2MRzT2vYiLsAAheVDunUoAP0AKSsL5ldnd3l3KDOLRslpgyPExUiXoAdFo1bQkUE+mtQGND17+5b2+pCNUOxsmqwsdlfsdXHl2wfDGjKOSJYb2yErZBCFRhANmwD7QWWAwWyk5gQSlYkcuX+y9cuADjUJVI2LrmufaaVSszYC4JkA3sMAidX9YxUb0CGoxmFNg72lOOGc4XPr546b32/efPn6WQUYztfPKJR3fu9PUSi4gap0YIVIK9RqsDQnniiC+gqBoA9/q+t3/90t9KguCaGlw5BBKPP7J1+7PfpEI/yzq2jUvwD/bB9VykQ0BdoIUZktYMND/GwUbAFvzshX889PZrrFGIc3auv3v+/Pl//uMfyw3TQHILdQ4psBEelCYuhc8XrbY9EeTUyTFCBOQNaWsOHjz4f//x5WPHjmSzWZDuRnB4msaCDlHtbLjVXFCDxg4J9MZ0mCsdn7z+5j6UHTQNUcCgZWqqxD/+yEMMckzkhnGsKCEtgHI2iRsnovjPBzk9AiEQfxwADubt7IWeixcuSZISE3jUFWc0T2tduUKuQcaJiCBKQfRLbwm5Mph3F7qGVi8sqdy4fvPY4SOXL10plXTfcX3Xmzt37rJlyzhVJuDKcS+hdGhzaPMDe3Ot85M33nijr68vkYh7jiXyfG1VctPGdVwmzWgll/UhCYAPcS6yvuFqY7zMohVgJDjhIZ6AwXSsbK745ltv9w9l8Y2iKMl4YunixVs3b6bcVIAdQRyoV0gtSrdkqSIed7wCg1qoGUMrQykJ9LOjs/NmV2caSR/PQhVqWvOM7Tufat2wnhxRyxzRd7c4z3eZS+j/4wUzgxtBWq9duYpUMGRPL2n4TSaTmTVr1vbdTzOOyaiKwAnwek3HjokwzMgsGbblQI4J+hAD6qQg/mqGi16Ay+dPu9oQsiaGXuIEXk2lU3Nn025REwbdESQI+Yb+lREbHwW+O2KHnYRtwG7kdcZmmVde3b93716nmLfzvbKno+S+ZPmyhctaTUbyUXaRFUcrfDbZR/HG51J9o5PDbxBuAvbAhfTg7p84euofXnw5HU+U8sNYGUoMU6ZNffbb36JKAsyqhVmwKiMkBOqb4BlPkWDzScuBQ6bt6Git4xjofwhssei99KsXVbcoW4NVsi/yXkPz1Md2PWUMlzDV0J0ChlUJav7BELKcDDpRonFvIt7plo1twb0wm7MffQTVhnyibxuib2/ZvGHbtm11TbUhJXFTIYFic8CkCVz0scAnOAezt0bdM3x8d//bmXQSnSLwwnzHnjlz5ubNm2vrG4PRRUrCBaQKm3RCuoQeGT5xoiDGWPI7g1t8+OH5oYEhBGIya8UlGA932YoVsURCrkaCM0gbfK5TcYJZ34mLE/EuDFSA38WLvZ3XOorFIpo5EEXX1dVt2bxtzvyF4aCgl6NTpmjkGANofIgYKqTw/NCbC6aP0BWUUlXu4IET169dHc4OxGG8eaYqHd+wrm3jxo2IMEi6QD2qxXxmtoFDFxzwNTC8CVtD8QbzwYnjfT3dMB2SKKUSicbGxvXr18dg0Oj2oYh/eu2doLnr9xPxjhVIH9+4MbDvzTeKWgkSAvMXj8cxjzlzZ2HtmoYuGdpIeAm33GkcUiN+6xhqo+eNKDsyRMy1a92v/vYVz7YG+robazN6YWhhy5x1bW28KtHASKozom04E2Rc0SaAgWWoRIbp7Ozt7fmkVCqg90mIiWoigQk3zJgeRBGUzrsrKPd4wt15l83mr1y6bOrUVQp7hGPr1q28CgWBdJkYph1jyElQV+poKu5zHBzvwIxPuYSuz+tv7IUPUSrkZJ4ZzvVnkvHlSxY0NjeBHh40IjEOmRI+iLfGbhESB7JBXyI2gH+CTtm+3uED7e/CRqPLBKYDTkwmU7N1K1wcSomCdBCde4TmrqdNxDtO4GDF0WGqJhMIs7FjqRQkIFHT2Mi4FP+HzW4kA1BCo77V5285XpWM8XMMwdf2tff19NqWDjcY4V8pP7R+3eq5s2eF4sjFJNQrNMsXsT3jlcCoESIhhcOCAi0shukdOvDekYPtnmUgbgUZ5bg6p2WumM4gFsKZRDoKxaLZhDuBOCHvAl0mCDHPdkRewFTQ+NfS0hKEaSPaBzLrwH8HxqEbfetxJ7qFaOJnb7+577W9oEluoF+RBNa1VixZ9Mi2zVOnNY1RzONEj0Pt4pZj7CNtBmK3gIRHDx869P4BBHOon2F3EdjWNzStQtmfTEg44dtM8lMq35Vpt54wsX9HflBvb/fFjy/DfEJaNU2bMWMGE4+jdwG8Q78bxY7kMiCpGFkWsJo39r1maqXrHR3wUfL5QVWWHnp465S5c2A+CFtE0UgwsUjAsTBZAcFHmT7OUgb+Oy4vHTl0+Hrn1bpMGsUzvViAeNY1NtU1z3B0jWwOpANZi7JCiNuiOrF/B6kFdv31NbXU0BEkUSCzDHyBIO8WjkjLGZ/aC74MwyP8yrYQHdGqcTaeZggvGRjI4uPxY+feb29HG6EocLzAVqVSK1asWLtxPRPYKLoaya/RGkwYduVyQ7BXwfgkofQGpduSgws6rl67cb2DdR0kXTjPTsSlNWvbHnr4EYwjINbGaJSAga0YuSoiyW5z+kS8o0c2aJYOWtRSVWk0iUMld3V1kVmAvguCGyRf0V9kO5ajafgegXroBHCjIgx7AnOCoB1dX/G4AvjQk15Xm7neefO9d95GC0mgm2TUxOBJfO0bz5LbEiSIRnJKwQ6Fkob6YVVVFfpLKEtKjSbkRGEu8bgwnDdPnz490NuHXh4pJsQEv6G+ZtWqVQ3oSqEEA7LxNALyaSgGlRO73g7piXgHOQoCHd7SjUJ+OPQD0DBOiSA+BpMPW4HMEzXKSIoAKUNnPu1t8JxDkGCjyyn8YWCmkebFeIm4klIVx3B/tWfPhTMns309Nal4X1dXIqk+vXt3HRQCfHFwbeRBkhH1FAKJane4BNt2Qx+YHqLgSAw++OCD8+fOIWsHChcLucb66m98/asLFi9mRMg+ulIg8DTGqNa7RWhGIurozvFEvEMmHHebNm1KbUO9aVuozkESaQF42XgAyaaiShgYwM5SRIhCwUge0UZfIFoZKB4mxONqPBFXET+i2Rzfvfnmm/nBAbs47JlFPZ+Fd9K2es2qjRtwD1og+ROfRkiYYlgCT8YBBCWaRHS10+MA5Ldjp5B+vXLlys2bNxWYGwEm122qq5k9azqpYIogXGoO4Imk5eVL7iTdE/EOoojL8AzHmlWtM6fPQD0YugZJDigYRpQhAOAHVDCG8BFb4cBzW0XNGi7k+vohPgPoOuofyA4OZfv6kSdF+CoyXEJWOy5fPX74SD43hK6GalXKDfZt3bRx+/btSH7GEmkXeAC40B0LUsRhHEahGOMZJnIEAePgAEjU+oV+lQPtH1y7di0VT6iSXCxkmxob1ratUmqqqdaP3kQPxZ8RO0Zdt6NI/P9L7h1zn6HfD84UqLR87r239l7/6HTcziZjbNvq1rrmmTqfNNhYoioD1uR6OtCNf+b0OQe5KR9xpQWjDJFG7gxUBW1RXlm0aAnswMXzF376058ODAzxru2WAKi1Zv36J3ftnoFkOqUz4XuBKiMO0Gh+ilCjJbOoiTkcL2NuujUSrR07dv71va9d/uisrQ27VrFl5rQffP+5+a0rKQskVVOEH3gmlGTGf+LrLW7KiNsSCuztHZg70Q7beee/lYoBTZ/RXNSZet949TenDreLpV5gh7YEparekqpMTmLFmGOU7EI/58EHRJEY/SO0yRgWahnFF+AoKTLkHf796rVtMDXHjx9PpzKQ1hTnZFLKv/8Pf56eOYuqFWBNSVMSqbGF0MICuo1mjShLTN0qgTcJgh4/cX7fa6/f6LzG+66ALEVpcO2qJc9/51tqYw2DxxoTTQGFafGOi7Rw0PEy7hjn74UsjOYzT3R2+Lgkmq+WzEc4OFWSRWR4TJ8VEumCDoOpIWbs7+3SDQ29pwAobDwnS6aokpoU5LjPx2yf6+kfuHmzJzc0uPe3vz1/+mRzUz3a3/D4pc14TzzztXTTlEBRCnAX0cLq3rbmEjKCE1E+0S0yFPii55P+9/e/e/LIQcg+65imUayuqlqyZIlaXUNaMJGG1w45IEUc1LND6NBCe0ciRfzFRNhhilDKeDQVXsPDm9YtWrRoWssiV63yE9WWIJdQCnQtNMGBXSCCrCZlUaivzTRNmZKqazA50ZfSyfppJYcV5bikKohY02pMzw4UB3qr0MLlut/74Z/OW7WWSVQBFI/y55TnQM9caBlGSEGoBTUtVihaHNYtxHjyyX2m68rlwc4rM2uqzP6ehqSSUaTpzc2tazcwSsKG6wdfB92yyMkES4QFCaNtNYYnocb3X4WAfWp57x3AiWQWqgo8gtDBJUbHJJ4DRI3i6NGjqDzBZUciGz/DtATcroaa6sZMqqm+Qa6qYeVkV3/OtFytZOz9p98Us/2uUUygXA030DaRs4STsWrduu//6M9QssIg8H5IxieMTMLaDURL1/wqle290feLv/nrfD+1tKP5E27AnHlznt61a17rCiBkGLoswx+OWnu6d9wC9TiBvgMuITpAMCxZ4Dhy5Ai+QWCbTCbh94YdhkiO19fW6EP9eDaVHu9gOWw8ildwZv7XX/7kyIH9RiEL2S9lB6dNbUKPk6YZ/+rf/Gjj9idH6gaui/EpYw5Dc7u4GPcdww6+Bkrt77114IWf/M+4KKJy2FBfmy/kn37m6cee2Q0CmbomoW89KONEVWGRwJtIZsNlhOwbGxRhU1tbG+R3enAgNTBv3rz6+npoFFRSMddSoQiPpUQN0qTR8/kcmrcg13V4dCuVMEwTLt7q1as3btkWavGwuTO8F3Zl4r9fgOQmNAn6wUB/XIVyXSKdwAN1S5cuXbFyJY1mGCF/bUpRfLHHRNhhcljMGBGQCMBc0AgDuuHn2IJxAoQOuppF8ymLCAlsQPxAWNzo7O64diWZSqB1pL+/P3iS0EPP5fYdYBzp9/CbcImh5N6Jd7QTVMlm2t878b9f+PmhgwepJEYZOQQ+wroNG+pmzKKyBRRdjJ6UuA9/Q+IuVhl7CKSwPByQU8wp9N1CsoRTDIkpyTJ6fsA01x9pSzF05srlS7ahu5aJyAk6GnoTyKrJ1JyFixGOCjEUvFBHRNoS8SaNM9LecAe6ABdNc/bseWH//v39QwOoAQC+ru5P5i+cP3deC8V+vo9HnnC1buiw9l8s6+5RHWBO47cRi/wMO8KPPLXCoVGVC11G8Ki7u6umNqMqkueAmCaw27lr965du1B/oBIHJYTJexizFRNgR/Gs4V27evXi+Y8wAYCOCqNuGNW19Vu2PaTioSYMpWACZE7hkEQPTyNDfRfeheF30GyOWB5ZEhvrh8COqUL8lurqSLbAj0deKGg7000K565f7zh86OCVy5eNUhE2qbq6Cmpxx44dG0jTcUI8gRHD+YaOYTgmbnGnRcRV7nrHNTWOLmsFOwEljG73bQ8/NG/5spHQlUUPlYacDRoaAz8xmq8bFby7jA6kwhHxJpTf8TcYW3DoElODSJC2wvrPnr3wP/7iL3u7u1A3QEM62oNhl5/7zh+IVVUUu2NVSJSPOiXjvZPP3OKW2zHMiqXLajLViJFnz56NQsr6DZueffZZOocUCDFOURNwFIn+1BzzxR6TujM8JysUbOJJpEOHDmVzg2AScnOZdFo3SuvaViOhRqsJHH1KNUeMH3FpdU3Vtm1bZs6cgWx2y/y5T+1+SkDdNnSjR0e7D9Ia7smkYYcZG7ZnOD6idF03T548iRgWaSo8YI4y0czpzQ8//DCboBwf5IvyUtGB81wmk1a+/tWvPvfcc48//vg3v/nNlW1rgj6A0ePTMb9Yz25E1UyWLad052gN4eix03/9k7/yHCPG+sODPZLv/Ohf/2DzjieC7n+0R4u64cgqpVYjHZruIMcKVJBxsE0DhhpKElEwap3jSEdsQJEj5EXUW0Saz6TxDncN4+6Ozp4XX3wRT51DK8FrQYPt8uVLN2/djAySQ43RgXYS6fGJqMKFJyUomNcdnmNlRUEbGEJ9jh7fHJOhkG73A7jJlFnSY0GyPZcv3OzpTqYTQcbMaWyo+ypCJZTWLEuAoUCTUqFENYnoB/WvWB4MCyXHDEQoGv5KzPhhxm9GGXsTdUaTyTtdtxEzIX6oranH5sPawsVBDNeyfDmld8NWSOr8JuSiko4WRqIY/G2sIKcEb/y2ReGxVNwXKrCTzLtUXMTzR65jzJk93fcsxCH421W7n/kaBfzQhSAbcmeOIyroawn6viMeyMCj2Yme6TSg7Og5O/TfjY5xP5zhz8x30ngHLJARRxS+fvUKJJ1klmlGS3njlHQ9WvolRkkzHH4Gj+WzjCJRdqEM+Gi3OYxBg1AulEJX3JMKQ+i7DV6fz81F3KJ7Pn0y/7ZMGKtBVPH3D+CggHQjPRj3PJsH68TJxI7sgKYBL8AHsUIg8WBhEXW2kyazI25CkOmjxrfReAsEjDqnB+X8yeQd6IbANswpIXEwFgs/KFhEnedk8g6o4UCgMgbcZAUtUVd1f86fTOzC1PxY1QZvkLmC4rs/K7n/d5lMmQVSIe/CdGaYobz/S7pvd5xM7O7bpP+Z3GgyZfafyZLu2zQq2JUPdQW7CnblI1D+lRXeVbArH4Hyr6zwroJd+QiUf2WFdxXsykeg/CsrvKtgVz4C5V9Z4V352P0/ijVwUlwSzGgAAAAASUVORK5CYII=","Pes quassus flexus
","neume.pes.quassus.flexus.23
","<neume>
  <nc s-shape=""s""/>
  <nc intm=""u"" rellen=""l"" tilt=""ne"" />
  <nc intm=""d"" tilt=""sw"" />
</neume>
"
"data:image/png;base64,iVBORw0KGgoAAAANSUhEUgAAADEAAAAqCAIAAACV7yQTAAAKyWlDQ1BJQ0MgUHJvZmlsZQAASA2tlndU08kWx+f3S2+0hFCkhN6RTgDpNRTp1UZIAgklxoQgYkNkcQXWgooI2IBFEQVXpchaEFEsLAIW7AuyKKjrYsGGyvsBS9zzztv/3i9nZj75zp07d+bcOecCQO5mi0TpsAIAGcJMcYS/FyMuPoGBewxwQAEQgS6wYnMkIs+wsGDwr9/7OwCanrxpMe3rX83+94QilyfhAACFIdNJXAknA+FTSDvBEYkzAUDxEV1vZaZomosRpomRABE+MM0ps4zYA1rSLF+ZsYmK8EZsHgKAJ7PZ4hQASKOIzsjipCB+yHiErYRcgRBhJsJuHD6bi3A2wuYZGcunuQZh46R/+En5B7PZSTKfbHaKjGfPgqxENvYRSETp7FUzf/6fXUa6FLmvmU8H6cl8cUAEMtKRO6tMWx4kY2HSwtA5XYCcaI750oDoOeZIvJG7nF3LZfsEzbE0LdpzjtlihP62EWSyouZYvDxC5l+YvnA6P2Zi4PNYMuZJfCPn9GSBH2uOc/hRsXOcJYhZOMeStEhZDDl8b5kulkbIYk4W+8nOmCFBVv69L4f9fa9MflTAnM7l+fjOMU8YLYtHlOkl8yNKn8nvmfh56f4yXZIVKVubKY6S6answOl8nbEXZYbJ7gT4AF8QjPwYIBrYADtgjfQhAGTyspG8A8B7uWiVWJDCz2R4Ii+Fx2AJOZbmDBsrazsApt/dtA0Ab+/OvCeIjv+uiZC9nHyQnK7+riWpA9CC5IIa4bumfwgA+TgAmnM5UnHWrD/09IBBXrM8oAE1oAX0gDGwQCJzAC7AA4k4EISCKBAPlgIO4IMMIAYrwRqwARSAIrAN7ALlYD+oBofBMXACtIAz4AK4DK6DXnAbPACDYAS8AOPgPZiEIAgHUSAqpAZpQwaQGWQDMSE3yBcKhiKgeCgRSoGEkBRaA22EiqASqBw6CNVBv0CnoQvQVagPugcNQWPQG+gzjILJMA3WhA3h+TAT9oSD4Ch4CZwCr4Bz4Hx4C1wGV8FH4Wb4Anwdvg0Pwi/gCRRAkVB0lA7KAsVEeaNCUQmoZJQYtQ5ViCpFVaEaUG2oLtRN1CDqJeoTGoumohloC7QLOgAdjeagV6DXoYvR5ejD6GZ0J/omegg9jv6GoWA0MGYYZwwLE4dJwazEFGBKMbWYJswlzG3MCOY9FoulY42wjtgAbDw2FbsaW4zdi23EtmP7sMPYCRwOp4Yzw7niQnFsXCauALcHdxR3HtePG8F9xJPw2ngbvB8+AS/E5+FL8Ufw5/D9+Gf4SYICwYDgTAglcAmrCFsJNYQ2wg3CCGGSqEg0IroSo4ipxA3EMmID8RLxIfEtiUTSJTmRwkkCUi6pjHScdIU0RPpEViKbkr3Ji8lS8hbyIXI7+R75LYVCMaR4UBIomZQtlDrKRcpjykc5qpylHEuOK7derkKuWa5f7pU8Qd5A3lN+qXyOfKn8Sfkb8i8VCAqGCt4KbIV1ChUKpxUGFCYUqYrWiqGKGYrFikcUryqOKuGUDJV8lbhK+UrVSheVhqkoqh7Vm8qhbqTWUC9RR2hYmhGNRUulFdGO0Xpo48pKynbKMcrZyhXKZ5UH6Si6IZ1FT6dvpZ+g36F/VtFU8VThqWxWaVDpV/mgOk/VQ5WnWqjaqHpb9bMaQ81XLU1tu1qL2iN1tLqperj6SvV96pfUX86jzXOZx5lXOO/EvPsasIapRoTGao1qjW6NCU0tTX9NkeYezYuaL7XoWh5aqVo7tc5pjWlTtd20Bdo7tc9rP2coMzwZ6YwyRidjXEdDJ0BHqnNQp0dnUtdIN1o3T7dR95EeUY+pl6y3U69Db1xfWz9Ef41+vf59A4IB04BvsNugy+CDoZFhrOEmwxbDUSNVI5ZRjlG90UNjirG78QrjKuNbJlgTpkmayV6TXlPY1N6Ub1phesMMNnMwE5jtNeszx5g7mQvNq8wHLMgWnhZZFvUWQ5Z0y2DLPMsWy1fz9ecnzN8+v2v+Nyt7q3SrGqsH1krWgdZ51m3Wb2xMbTg2FTa3bCm2frbrbVttX9uZ2fHs9tndtafah9hvsu+w/+rg6CB2aHAYc9R3THSsdBxg0phhzGLmFSeMk5fTeqczTp+cHZwznU84/+Vi4ZLmcsRldIHRAt6CmgXDrrqubNeDroNuDLdEtwNug+467mz3KvcnHnoeXI9aj2eeJp6pnkc9X3lZeYm9mrw+eDt7r/Vu90H5+PsU+vT4KvlG+5b7PvbT9Uvxq/cb97f3X+3fHoAJCArYHjDA0mRxWHWs8UDHwLWBnUHkoMig8qAnwabB4uC2EDgkMGRHyMOFBguFC1tCQSgrdEfoozCjsBVhv4Zjw8PCK8KfRlhHrInoiqRGLos8Evk+yitqa9SDaONoaXRHjHzM4pi6mA+xPrElsYNx8+PWxl2PV48XxLcm4BJiEmoTJhb5Ltq1aGSx/eKCxXeWGC3JXnJ1qfrS9KVnl8kvYy87mYhJjE08kviFHcquYk8ksZIqk8Y53pzdnBdcD+5O7hjPlVfCe5bsmlySPJrimrIjZYzvzi/lvxR4C8oFr1MDUvenfkgLTTuUNpUem96Ygc9IzDgtVBKmCTuXay3PXt4nMhMViAZXOK/YtWJcHCSulUCSJZLWTBpS4HRLjaU/SIey3LIqsj6ujFl5MlsxW5jdvcp01eZVz3L8cn5ejV7NWd2xRmfNhjVDaz3XHlwHrUta17Feb33++pFc/9zDG4gb0jb8lmeVV5L3bmPsxrZ8zfzc/OEf/H+oL5ArEBcMbHLZtP9H9I+CH3s2227es/lbIbfwWpFVUWnRl2JO8bWfrH8q+2lqS/KWnq0OW/dtw24Tbruz3X374RLFkpyS4R0hO5p3MnYW7ny3a9muq6V2pft3E3dLdw+WBZe17tHfs23Pl3J++e0Kr4rGSo3KzZUf9nL39u/z2NewX3N/0f7PBwQH7h70P9hcZVhVWo2tzqp+WhNT0/Uz8+e6WvXaotqvh4SHBg9HHO6sc6yrO6JxZGs9XC+tHzu6+GjvMZ9jrQ0WDQcb6Y1Fx8Fx6fHnvyT+cudE0ImOk8yTDacMTlU2UZsKm6HmVc3jLfyWwdb41r7Tgac72lzamn61/PXQGZ0zFWeVz249RzyXf27qfM75iXZR+8sLKReGO5Z1PLgYd/FWZ3hnz6WgS1cu+12+2OXZdf6K65UzV52vnr7GvNZy3eF6c7d9d9Nv9r819Tj0NN9wvNHa69Tb1reg71y/e/+Fmz43L99i3bp+e+HtvjvRd+4OLB4YvMu9O3ov/d7r+1n3Jx/kPsQ8LHyk8Kj0scbjqt9Nfm8cdBg8O+Qz1P0k8smDYc7wiz8kf3wZyX9KeVr6TPtZ3ajN6Jkxv7He54uej7wQvZh8WfCn4p+Vr4xfnfrL46/u8bjxkdfi11Nvit+qvT30zu5dx0TYxOP3Ge8nPxR+VPt4+BPzU9fn2M/PJld+wX0p+2ryte1b0LeHUxlTUyK2mD1TC6CQHk5OBuANUidQ4gGg9gJAlJuti2csoNlaHmHo7zYt/xfP1s7TE0gNAarbAYjKBSAYGfcgoyHS5D0ACENalAeAbW1lDcx+kmRbmxmCSC1IaVI6NfUWqQdxJgB8HZiammyZmvpai9Q69wFofz9bj09bKxwF4ECOTaBd5A1Jdu7M+n90/wFpjAAzSDkK5gAAAZtpVFh0WE1MOmNvbS5hZG9iZS54bXAAAAAAADx4OnhtcG1ldGEgeG1sbnM6eD0iYWRvYmU6bnM6bWV0YS8iIHg6eG1wdGs9IlhNUCBDb3JlIDUuNC4wIj4KICAgPHJkZjpSREYgeG1sbnM6cmRmPSJodHRwOi8vd3d3LnczLm9yZy8xOTk5LzAyLzIyLXJkZi1zeW50YXgtbnMjIj4KICAgICAgPHJkZjpEZXNjcmlwdGlvbiByZGY6YWJvdXQ9IiIKICAgICAgICAgICAgeG1sbnM6ZXhpZj0iaHR0cDovL25zLmFkb2JlLmNvbS9leGlmLzEuMC8iPgogICAgICAgICA8ZXhpZjpQaXhlbFhEaW1lbnNpb24+NDk8L2V4aWY6UGl4ZWxYRGltZW5zaW9uPgogICAgICAgICA8ZXhpZjpQaXhlbFlEaW1lbnNpb24+NDI8L2V4aWY6UGl4ZWxZRGltZW5zaW9uPgogICAgICA8L3JkZjpEZXNjcmlwdGlvbj4KICAgPC9yZGY6UkRGPgo8L3g6eG1wbWV0YT4KXCfBmQAAC7RJREFUWAl1mOlWG0kShWvJ2iQhgQDb9Lz/OfMY82depE/jdgMC7aXa57sZUoGxJ4EiK5eIm7Fnhf/9z7/DMFILozAcwjAMhj4Igq7XTxBGcRxHUdz3A40lbdMMQ8cy51wSxUMQNC1jTRy7yMUQYSU/AVT6vmt7VjEVBoEoM8rk0OnBX6hBaAZBFNgK2EUiE7EUCgPrh/NOv18gNSVyQRyHMOtg0rbsYBfbRBp6YZS4hFUMQ6NrO9DEThiDqIV31zVQGDExq+MJjBcFkvAIIaRVQ+CgBXHbYM8LDgGy/UZCVKyxdYiGLughwGa/HaEOQYe0XYS047N4o6huauRle0fKIzs61mcKqgiBH2HyQrX17y9w77qOUWCxgldtoxPHGmQvZwXPpaE2fq1JL0gU0MGA5uMwZtwWQo3OeEhbb1Nj310Wv6NhhU2PhCRbL22NRw7BBF5rDErGnmTbdX2InDiq1IVstCyIABWAyrMZCX5kweA7cZaZ7gzWp21CIZZqTNmsROMHpLFQxqwVAzoc2qZGgBi+A4AE0bM0cmEDwBbnkAxHYXsiWkQb+6LkD/kuJ4aMsXVMyNYXIrNEbYIX5uT1BvceHfUo+PVlFQxtnmV5muIQIAFBkuVBnBggKEBtbIZmfI4dgGFP71Bsg20266YPaRpTbJPDDLFHJa+RkjQuh2yaij/E1VYEjrY6leg3TjNXTMMkj5P35oMLe8/NKPNiHYA7KF6Uo3N8Og0jtHHDeaPc3is0ioaebtSH7bcvX/C4vmsOh91mvd2uN21dR0kaZEWQ5GmWT3wriiLPczRslI246cRYY4VgEkDebciWjoO2xxxwXMYG9KBfZOXiPnB9NLR1x2t1rJ6fXzZvq6aup0W+XN6ExayPU5ektCzLEJcxMtmDhga7kbtigbB4TY8TdGgG7tNTkkR5+HcYoi4sKQqGSMoM6777Z/X09+Pj+u21axt0gzxm8/n05m5wWUQM9Q0oIzvQeObvAGzkXYae3Vmp/w8TiNqmSgmVaK1rcD7cPBrCpuvWr2/fH7//8+MHwWtSFEniprPZ1dXcpVmjCC2HR94mcvoGjvHRWMfzOwUR7xAjDjrWxkUfO11btUOnjARdBBYEVVViPT9+/Njt9miU2MkzL6azqzmQfbo6BwKTih1eOvsgJ6aMCxpSdvzYQMNSnh8Hxz6ujyGHJFECJJ0+qOvmbbV6fnrmuN++fSOYrtdvVVUV0+ni5tYlmQQifQmWNYjTMUY24heoC6OQoCZb9c1w8BzbCGXsEJRSXKZv8XO24/Gbzebt9fVYHm+XtzQS719/uZfVS1GgwCmLFCkGpKlD2mmNvtGkTweFAuiMjFigOY1LgVrAn57896Oa+dgUnVWrkDSGriyPm826bqrZDAQFRgxpihPnUvJi52sE+t7zkZPoGCA0wSt96e+sFjBh8tQq5GCBYAUVDNEFOufV2DGFERtU0fiYCUWid9s3fdskseP4p/KIhGB5f38/nVyx7HQ6QWc2mU0nhII8ckndB23TKfJLe16DQejzOGKzY+sJXzI+tkHEdEEX9nVDnGW8OVWcNcnSqmk588vbW1mWsyv8Zy78kkGshO8zHIgPp0M/tPP58u7uDsbwAFNTNTeL67vlLf7YVs0QO7KdD/W9qhiVDzplUzdt1+qcPk5AHA02TTs0rSMQx3GKrOqqaqvSFXnQhk15+LF5RQrsCLocc0AYOibSHACdN22zXq8PxzJ2SV6Q4lIkWJantu1YSYCU1ClLiKnODZQSF2OAiJqiA0KHMKLA3vUf8zGFRFXbyjUwTspEh0vVx/16/fq0+vt70NbzSYGpJHGoWhi11V3QUWTG9anabbZI+mp6VeQF9ODdUgSj1izNJwWYKDERCx3P7/wwG2KlIPgpRmyQEYDQHLVxFwzYRzYp0Mxxv9u8vmxWL7MiuZ6jtwmCbsoK13dZnlCIDH1VnQhICH82m14vrlE3ESGOnOyP8F0ULs/QEzaCzauuuhiOgRghjq9gsj6A6OMWKbmdNFEkLuqT+lQCCiVOMwyhw9xyFwcxa8KmD5qqnmTxdrtbr9bIGyFNJxOCOSI8tceqrmPnhEnWSb4h7+ATYEJPMkeTjXUkHB/NeY4obYFL87Spq5qLh7yqbzvyRJulDlJEv/JYLhb19PoaI6Lip1Aa2m6/28n2Z7M0STmZ/DoM15vNqa7RWlrkChgyvlgdbyVm11p3UeWoPpONjO/SXNdUmBqOSBJN8awsBybeHrt0t92+va5XLysSxWQ2u7v7cnN797x62m/3hKD5fI4tQwrzRUGv6zWB6Tq/Jf3XbU+FSQnAODbsA8DZqrx09DAQQDRM4zgjrjzusjwHPZuwjHwyTYrZcb99edt0LeUswguOu+1+89aWB2q1t9X6VJ4wtMVikVAeKToPx1N5OBzmjGQpnja0FeOITxc0gcbMfm/RF9FoFli8ClPYURn2oOFO1oQD5cXXh4iE0czQz77cbg+HfdR3kzzpq8PT459HiuvQzaZzchl+h7JOVfX4+JhlxfX1krBC3KVQItoeDkdum9QNnNeasTTehobL6nnOC4w+4w41EQVU8YdRGwcqvKbRnMMuo7Y+lvvNfvX89vy03bwe1hRn2ZDNb77+gTKp5hKXYoib7RYnXt4sp/MrwiEAsHRCS9MQjvHqs1oMkEGB90dkNjhO6ebsb2CUi1CIcCKXTydpRpExNDk1fxpHdXnYb55xyWTok3y+uFlSiXDdxYjL04n8Mpte3S7v0zxXMqIM5wpM1pLTKUhJeeQojn5pI6ZRSGOHJU7VcZoTfWrlhojbLDRQLN6HHJUIkiTKEjKXy/sJVdrX++niKkziuizx87ptkzxfTKcuTRRWlTEDzAEcvHYEZFQtW1VGM0gf2V9A/vSf7wWZS0jpCYlGV1clfF9C9X1O/I7TXT/s9+XhVBW5y+aLuy/f8AXkQSJt2j5O0sVkjosRQgChDxDEMzIdeRdaQWwfKn7i6V9AZoMjROvA3TUdtw3cK6Im5E+xjeFhqOvTJJ1iHMfqtCuPeMHs+vbu6zcUW+m7SpwVeViTqmMkTU7xGzHDGItEWIQfpsBtYcc8/1dkv46AzClvBw7b0GU6ICUQfbmGIPqWku1UEiB3HP7u4Y+Hfz3cfPnaRQlqgBmVL7vRTIPGhp7LJhlGlbrXPfUvv/57gb4vwEmGdlHfCOWTkHhlDR6dYjQs73rV/OwOsIOu4TbWtDUXtd3hmE7nDw8Py3vKSO/qup2FSAI2NK7eXJIoDcBE83dRSZpwCtw04sJJcQHU82cp9gIb9tiYLO3jr6Ka7sFQLQFOneVRq+JyyRTBr58Om7J1kzlppJhf91GBWADPNx4Y0+wmJv5df9huIY55cgk2wTBK4USC4O6uoxLQFYCtyd6lEkkOgZi9SCaYD5hsWnhsHU+GsN8kzRfXy0WwxGJoLECAAXWLP6U3XqKmGnlNdogAEA8cNKZ5TWlSzDXmeX14+oWXcc9fYtM92ItHB6fDK00a6VSdkdQYxK2YZVBT/i6vehHf8FzPPCAJa3zPZxO4iZwEI4Ie0E8PJn969y8M8fuOaVw0khBNX9DISjxiXAlVGy3PR8KQWHiBPYg9AigIIDW4ru+/4X2mcME6srZxYaLZC3PW92NmhmJiElLAl0UowrNe8mLSdsJfH6F8oe4LFMUmXaFUOn5iaTvQg/EaZy8d2ZMaXK1jaOjTgRw4DJMsyS+T2TBJ0AeZR2S0xEMjmpUKIkoUTgUs5n8vKih/mrJXYTKuwPp1hW1jHHz0ZbL4HR3Zlj6xmpLgS7LlWEBALLI1SQl30re8TiA/N09NrJmAvjUtIj75J1Of5wzEGITYwwisCF8h3+aIq97kvd2IIGFKYuOqpK8uCAlseueKKxX8gmrkKByXBh3O4Oq6PvO75G0B9IpjJQxoNsKTU3AHI58RV7lpcTHfUvKeTiiOGme5XH65v88SbFTi4QhQEN4PGoSIWSejFySyHHvV2n74H9rTAyt90ERfAAAAAElFTkSuQmCC","Pes quassus flexus.episema
","neume.pes.quassus.flexus.23episema
","<neume>
  <nc s-shape=""s"" />
  <nc intm=""u"" rellen=""l"" tilt=""ne"" >
    <episema form=""h"" place=""above"" />
  </nc>
  <nc intm=""d"" tilt=""sw"" />
</neume> 
"